# Ib surucusu v2 — F(t)/maksF; normalizasyon tabani BAYRAKSIZ bolgeden (dongu %3.5+; kopru penceresi %0-3.4 katı-ayak/kopru artefakt bayragi tasir ve 1.0 asabilir); kuvvet = Fmax·a·fL·fV·cos(alfa); a: stance u_stance_v4 + salinim u_swing_v2; pps kazanci Faz 4 parametresi
gait_pct,BFa_Ib,BFp_Ib,CF_Ib,STp_Ib,STa_Ib,SM_Ib,QF_Ib,TFL_Ib,GMa_Ib,GMe_Ib,GMi_Ib,Pir_Ib,GP_Ib,GA_Ib,AL_Ib,AM_Ib,AB_Ib,Pec_Ib,IP_Ib,OE_Ib,OI_Ib,GS_Ib,GI_Ib,RF_Ib,VL_Ib,VI_Ib,VM_Ib,MG_Ib,LG_Ib,Pla_Ib,Sol_Ib,TA_Ib,EDL_Ib,TP_Ib,FDL_Ib,FHL_Ib,Per_Ib,Pop_Ib
0.0,0.00000,0.09862,0.00000,0.00000,0.32475,0.40079,0.43792,0.00000,0.00000,0.00000,0.00000,0.09072,0.00000,0.00000,0.00000,0.54014,0.58075,0.00000,0.00000,1.00559,0.42512,0.20950,0.55936,0.33413,0.27893,0.27471,0.27903,1.80762,1.29044,3.44498,0.43238,1.83011,0.00000,0.46900,0.00000,0.51951,0.00000,0.00000
0.5,0.00000,0.17380,0.00000,0.00000,0.41908,0.46729,0.50754,0.00000,0.00000,0.00000,0.00000,0.12371,0.00000,0.00000,0.00000,0.58585,0.60896,0.00000,0.00000,1.06764,0.49654,0.25259,0.64578,0.39447,0.33137,0.32822,0.33212,1.84841,1.39097,3.56776,0.49541,1.95180,0.00000,0.54847,0.00000,0.61382,0.00000,0.00000
1.0,0.00000,0.21134,0.00000,0.00000,0.40909,0.46094,0.48744,0.00000,0.00000,0.00000,0.00000,0.11555,0.00000,0.00000,0.00000,0.62494,0.66511,0.00000,0.00000,1.10074,0.46378,0.24529,0.59669,0.38548,0.33520,0.33362,0.33653,1.50444,1.27001,3.05156,0.49930,1.74505,0.00000,0.59283,0.00000,0.65875,0.00000,0.00000
1.5,0.00000,0.20509,0.00000,0.00000,0.34777,0.41436,0.42628,0.00000,0.00000,0.00000,0.00000,0.08742,0.00000,0.00000,0.00000,0.62524,0.69345,0.00000,0.00000,1.10560,0.39021,0.21329,0.49825,0.33888,0.30670,0.30552,0.30803,1.08283,1.04449,2.32990,0.47598,1.41056,0.00000,0.60289,0.00000,0.67014,0.00000,0.00000
2.0,0.03313,0.34222,0.00000,0.00000,0.51740,0.49314,0.52554,0.00000,0.00000,0.00000,0.00000,0.21723,0.00000,0.00000,0.00000,0.47810,0.40224,0.00000,0.00000,0.69557,0.52131,0.31116,0.63783,0.45323,0.39285,0.39185,0.39528,0.95373,1.08527,2.13261,0.57892,1.39966,0.00000,0.72974,0.00000,0.82194,0.00000,0.00000
2.5,0.04372,0.38360,0.00000,0.00000,0.53612,0.51155,0.53810,0.00000,0.00000,0.00000,0.00000,0.23336,0.00000,0.00000,0.00000,0.48298,0.40934,0.00000,0.00000,0.72093,0.52858,0.32974,0.63637,0.47009,0.41434,0.41297,0.41692,0.74512,1.01758,1.79321,0.59730,1.28490,0.00000,0.76348,0.00000,0.84861,0.00000,0.00000
3.0,0.16860,0.54934,0.00000,0.00000,0.72928,0.62437,0.67121,0.00000,0.11616,0.00000,0.00000,0.39963,0.00000,0.00000,0.00000,0.32084,0.09919,0.00000,0.00000,0.28633,0.69241,0.46219,0.80709,0.62282,0.53256,0.53089,0.53638,0.56616,1.02688,1.43396,0.69449,1.20767,0.00000,0.84195,0.00000,0.95714,0.00000,0.00000
3.5,0.15839,0.49506,0.00000,0.00000,0.63709,0.57127,0.60650,0.00000,0.06187,0.00000,0.00000,0.37392,0.00000,0.00000,0.00000,0.31587,0.12726,0.00000,0.00000,0.26740,0.61605,0.42908,0.70796,0.57452,0.50066,0.49852,0.50399,0.33520,0.86366,1.00000,0.63037,1.00000,0.00000,0.76515,0.00000,0.85562,0.00000,0.00000
4.0,0.25580,0.60319,0.00000,0.00000,0.74399,0.65081,0.69941,0.00000,0.30074,0.00000,0.00000,0.46598,0.00000,0.00000,0.00000,0.20061,0.00000,0.00000,0.00000,0.22949,0.71977,0.52351,0.80979,0.68776,0.59236,0.58960,0.59631,0.12189,0.78702,0.50561,0.67289,0.83787,0.00000,0.75333,0.00000,0.87320,0.00000,0.00000
4.5,0.26471,0.58834,0.00000,0.00000,0.70442,0.63534,0.67397,0.00000,0.28062,0.00000,0.00000,0.46760,0.00000,0.00000,0.00000,0.19873,0.00001,0.00000,0.00000,0.20928,0.68608,0.51958,0.76089,0.67122,0.58778,0.58465,0.59139,0.06475,0.76812,0.42725,0.66731,0.79552,0.00000,0.75652,0.00000,0.85116,0.00000,0.00000
5.0,0.39344,0.74624,0.00000,0.00000,0.85622,0.75235,0.79784,0.00000,0.55551,0.00000,0.00000,0.58911,0.00000,0.00000,0.00000,0.07968,0.00000,0.00000,0.00000,0.18385,0.81950,0.64533,0.89195,0.80379,0.70123,0.69747,0.70546,0.00000,0.82184,0.24312,0.76456,0.77534,0.00000,0.82619,0.00000,0.93970,0.00000,0.00000
5.5,0.40171,0.71600,0.00000,0.00000,0.80442,0.73078,0.76613,0.00000,0.52249,0.00000,0.00000,0.58690,0.00001,0.00000,0.00000,0.08276,0.00000,0.00000,0.00000,0.15938,0.77931,0.63640,0.83717,0.78015,0.69295,0.68847,0.69616,0.00000,0.79021,0.15410,0.74940,0.73457,0.00000,0.81685,0.00000,0.90015,0.00000,0.00000
6.0,0.53245,0.86245,0.00000,0.00000,0.93746,0.84463,0.87972,0.00000,0.74658,0.00000,0.00000,0.70332,0.00000,0.00000,0.00000,0.00000,0.00000,0.00000,0.00000,0.16046,0.89736,0.75771,0.94926,0.89398,0.79858,0.79372,0.80220,0.00000,0.83946,0.00000,0.83914,0.73423,0.00000,0.88667,0.00000,0.97342,0.00000,0.00000
6.5,0.54129,0.82638,0.00000,0.00000,0.88422,0.82385,0.84906,0.00000,0.71100,0.00000,0.00000,0.70415,0.00000,0.00000,0.00000,0.00000,0.00000,0.00000,0.00000,0.10923,0.85891,0.74883,0.89813,0.86997,0.79042,0.78559,0.79347,0.00000,0.82491,0.00000,0.82847,0.70764,0.00000,0.88131,0.00000,0.93505,0.00000,0.00000
7.0,0.67239,0.95320,0.00000,0.00000,0.99343,0.92676,0.94888,0.00000,0.88491,0.00000,0.00000,0.80879,0.00001,0.00000,0.00000,0.00000,0.00000,0.00000,0.00000,0.14595,0.96049,0.86058,0.99158,0.96496,0.88487,0.87991,0.88803,0.00000,0.89394,0.00000,0.91631,0.73298,0.00000,0.96056,0.00000,1.00000,0.00000,0.00000
7.5,0.68372,0.91395,0.00000,0.00000,0.94010,0.90450,0.91890,0.00000,0.84429,0.00000,0.00000,0.80713,0.00073,0.00000,0.00000,0.00000,0.00000,0.00000,0.00000,0.10176,0.92430,0.85035,0.94467,0.93658,0.87535,0.87067,0.87791,0.00000,0.86578,0.00001,0.89993,0.69886,0.00000,0.94231,0.00000,0.95080,0.00000,0.00000
8.0,0.78884,0.99019,0.00000,0.00000,1.00000,0.97403,0.98387,0.00000,0.95219,0.00000,0.00000,0.88563,0.00000,0.00000,0.00000,0.00000,0.00000,0.00000,0.00000,0.10864,0.98867,0.93060,1.00000,0.99439,0.94308,0.93863,0.94546,0.00000,0.90030,0.00000,0.95771,0.70313,0.00000,0.98766,0.00000,0.97625,0.00000,0.00000
8.5,0.79619,0.94342,0.00000,0.00000,0.94375,0.94827,0.95268,0.00000,0.90719,0.00000,0.00000,0.88173,0.00003,0.00000,0.00000,0.00000,0.00000,0.00000,0.00000,0.04491,0.95256,0.91652,0.95531,0.96481,0.93280,0.92884,0.93454,0.00000,0.88329,0.00000,0.94424,0.67607,0.00000,0.97006,0.00000,0.92921,0.00000,0.00000
9.0,0.89253,1.00000,0.00000,0.00000,0.98461,1.00000,1.00000,0.00000,0.99808,0.00000,0.00000,0.94519,0.00044,0.00000,0.00000,0.00000,0.00000,0.00000,0.00000,0.04053,1.00000,0.98017,0.99391,1.00000,0.98228,0.97892,0.98374,0.00000,0.91467,0.00000,0.98809,0.67545,0.00000,1.00000,0.00000,0.93696,0.00000,0.00000
9.5,0.89341,0.94793,0.00000,0.00000,0.92724,0.97107,0.96714,0.00000,0.95142,0.00000,0.00000,0.93953,0.00613,0.00000,0.00000,0.00000,0.00000,0.00000,0.00000,0.00000,0.96319,0.96181,0.95037,0.96936,0.97090,0.96820,0.97171,0.00000,0.89828,0.00000,0.97425,0.64954,0.00000,0.97843,0.00000,0.89025,0.00000,0.00000
10.0,0.96270,0.97354,0.00000,0.00000,0.94081,0.99864,0.99011,0.00000,1.00000,0.00000,0.00000,0.98175,0.75075,0.00000,0.00000,0.00000,0.00000,0.00000,0.00000,0.00000,0.98568,1.00000,0.96512,0.98000,0.99957,0.99774,1.00000,0.00000,0.91748,0.00000,1.00000,0.64393,0.00000,0.99092,0.00000,0.88009,0.00000,0.00000
10.5,0.97017,0.92862,0.00000,0.00000,0.89309,0.97296,0.96216,0.00000,0.98685,0.00000,0.00000,0.98178,0.46545,0.00000,0.00000,0.00000,0.00000,0.00000,0.00000,0.00000,0.95583,0.98579,0.92941,0.95629,0.99222,0.99125,0.99209,0.00000,0.89860,0.00000,0.98793,0.61156,0.00000,0.96286,0.00000,0.83757,0.00000,0.00000
11.0,0.99426,0.91714,0.00000,0.00000,0.87549,0.97404,0.95720,0.00000,0.95634,0.00000,0.00000,0.99786,1.00000,0.00000,0.00000,0.00000,0.00000,0.00000,0.00000,0.00000,0.94780,0.99223,0.91567,0.94217,1.00000,1.00000,0.99938,0.03495,0.90476,0.00000,0.99603,0.61484,0.00000,0.96792,0.00000,0.81290,0.00000,0.00000
11.5,0.98736,0.86674,0.00000,0.00000,0.82589,0.94457,0.92497,0.00000,0.92327,0.00000,0.00000,0.99356,0.47938,0.00000,0.00000,0.00000,0.00000,0.00000,0.00000,0.00000,0.91304,0.97122,0.87634,0.91749,0.99135,0.99228,0.99017,0.05949,0.87617,0.00000,0.98013,0.58604,0.00000,0.93776,0.00000,0.77084,0.00000,0.00000
12.0,1.00000,0.84619,0.00000,0.00000,0.80203,0.93426,0.90917,0.00000,0.89600,0.00000,0.00000,1.00000,0.58246,0.00000,0.00000,0.00000,0.00000,0.00000,0.00000,0.00000,0.89501,0.96632,0.85321,0.89733,0.99015,0.99220,0.98856,0.08745,0.86479,0.00000,0.97549,0.57539,0.00000,0.92491,0.00000,0.73897,0.00000,0.00000
12.5,0.98205,0.79441,0.00000,0.00000,0.75339,0.90193,0.87315,0.00000,0.84915,0.00000,0.00000,0.99101,0.00026,0.00000,0.00000,0.00000,0.00000,0.00000,0.00000,0.00000,0.85609,0.93972,0.81056,0.87152,0.97910,0.98217,0.97703,0.11630,0.84674,0.00000,0.96116,0.55682,0.00000,0.90108,0.00000,0.70177,0.00000,0.00000
13.0,0.99357,0.77933,0.00000,0.00000,0.73581,0.89373,0.85802,0.00000,0.81887,0.00000,0.00000,0.99761,0.02072,0.00000,0.00000,0.00000,0.00000,0.00000,0.00000,0.00000,0.83869,0.93509,0.78814,0.85252,0.97874,0.98306,0.97634,0.14915,0.84817,0.00000,0.96098,0.55660,0.00000,0.89649,0.00000,0.67546,0.00000,0.00000
13.5,0.97022,0.72999,0.00000,0.00000,0.69095,0.86099,0.82055,0.00000,0.76581,0.00000,0.00000,0.98589,0.00000,0.00000,0.00000,0.00000,0.00000,0.00000,0.00000,0.00000,0.79825,0.90604,0.74439,0.82729,0.96687,0.97211,0.96389,0.18453,0.84386,0.00000,0.95009,0.54875,0.00000,0.88085,0.00000,0.64306,0.00000,0.00000
14.0,0.97455,0.71445,0.00000,0.00000,0.67423,0.85059,0.80190,0.00000,0.72159,0.00000,0.00000,0.98796,0.00000,0.00000,0.00000,0.00000,0.00000,0.00000,0.00000,0.00000,0.77700,0.89707,0.71842,0.80680,0.96616,0.97080,0.96101,0.22372,0.85896,0.04290,0.95247,0.56097,0.00000,0.88484,0.00000,0.61899,0.00000,0.00000
14.5,0.93600,0.65870,0.00000,0.00000,0.62518,0.81024,0.75661,0.00000,0.64959,0.00000,0.00000,0.96514,0.00000,0.00000,0.00000,0.01012,0.04275,0.00000,0.00000,0.00000,0.72861,0.85800,0.66784,0.77769,0.94877,0.95253,0.94135,0.24229,0.84931,0.05758,0.93394,0.55250,0.00000,0.86438,0.00000,0.58365,0.00000,0.00000
15.0,0.92794,0.63478,0.00000,0.00000,0.60260,0.79165,0.73042,0.00000,0.59013,0.00000,0.00000,0.95660,0.00000,0.00000,0.00000,0.03930,0.08050,0.00000,0.00000,0.00000,0.69994,0.83979,0.63534,0.75641,0.94099,0.94613,0.93345,0.26439,0.85922,0.08351,0.92997,0.56241,0.00000,0.86320,0.00000,0.55699,0.00000,0.00000
15.5,0.88358,0.57656,0.00000,0.00000,0.55266,0.74782,0.68310,0.00000,0.50635,0.00000,0.00000,0.92516,0.00000,0.00000,0.00000,0.08939,0.12794,0.00000,0.00000,0.00000,0.65003,0.79647,0.58417,0.73061,0.91700,0.92574,0.91176,0.26586,0.84674,0.07565,0.90806,0.55264,0.00000,0.84033,0.00000,0.52226,0.00000,0.00000
16.0,0.87345,0.55419,0.00000,0.00000,0.53256,0.72947,0.65684,0.00000,0.44726,0.00000,0.00000,0.91489,0.00000,0.00000,0.00000,0.11754,0.16210,0.00000,0.00000,0.00000,0.62174,0.77736,0.55256,0.71074,0.90817,0.91857,0.90314,0.27368,0.85502,0.07970,0.90181,0.56005,0.00000,0.83648,0.00000,0.49629,0.00000,0.00000
16.5,0.83069,0.50030,0.00000,0.00000,0.48763,0.68878,0.61276,0.00000,0.37422,0.00000,0.00000,0.88496,0.00000,0.00000,0.00000,0.16217,0.20122,0.00000,0.00000,0.00000,0.57581,0.73640,0.50596,0.68866,0.88427,0.89917,0.88252,0.26380,0.84276,0.05216,0.87957,0.54764,0.00000,0.81229,0.00000,0.46463,0.00000,0.00000
17.0,0.82407,0.48315,0.00000,0.00000,0.47286,0.67375,0.58937,0.00000,0.32431,0.00000,0.00000,0.87639,0.00000,0.00000,0.00000,0.18424,0.22805,0.00000,0.00000,0.00000,0.55109,0.71984,0.47818,0.67117,0.87661,0.89286,0.87477,0.26361,0.85341,0.04208,0.87351,0.55465,0.00000,0.80835,0.00000,0.44067,0.00000,0.00000
17.5,0.78241,0.43362,0.00000,0.00000,0.43218,0.63492,0.54757,0.00000,0.25940,0.00000,0.00000,0.84455,0.00000,0.00000,0.00000,0.21941,0.25731,0.00000,0.00000,0.00000,0.50841,0.67972,0.43560,0.64916,0.85519,0.87056,0.85139,0.25134,0.84390,0.01249,0.84959,0.54347,0.00000,0.78408,0.00000,0.41035,0.00000,0.00000
18.0,0.77096,0.41366,0.00000,0.00000,0.41600,0.61813,0.52335,0.00000,0.20927,0.00000,0.00000,0.83212,0.00000,0.00000,0.00000,0.24024,0.28033,0.00000,0.00000,0.00000,0.48341,0.66051,0.40856,0.63241,0.84469,0.86150,0.84100,0.24526,0.85421,0.00001,0.84088,0.54949,0.00000,0.77782,0.00000,0.38687,0.00000,0.00000
18.5,0.72830,0.36511,0.00000,0.00000,0.37705,0.58147,0.48466,0.00000,0.14366,0.00000,0.00000,0.79909,0.00000,0.00000,0.00000,0.27205,0.30523,0.00000,0.00000,0.00000,0.44426,0.62149,0.37044,0.61251,0.82061,0.83852,0.81704,0.22359,0.84236,0.00000,0.81574,0.53764,0.00000,0.75231,0.00000,0.35882,0.00000,0.00000
19.0,0.71157,0.34186,0.00000,0.00000,0.35893,0.56355,0.46057,0.00000,0.08723,0.00000,0.00000,0.78236,0.00000,0.00000,0.00000,0.29259,0.32630,0.00000,0.00000,0.00000,0.41972,0.60005,0.34500,0.59638,0.80737,0.82666,0.80397,0.20352,0.85325,0.00000,0.80359,0.54449,0.00000,0.74384,0.00000,0.33534,0.00000,0.00000
19.5,0.68275,0.30733,0.00000,0.00000,0.33203,0.53858,0.43200,0.00000,0.02532,0.00000,0.00000,0.75742,0.00000,0.00000,0.00000,0.31586,0.34649,0.00000,0.00000,0.00000,0.39096,0.57149,0.31676,0.57981,0.78861,0.80913,0.78539,0.16458,0.85988,0.00000,0.78361,0.54530,0.00000,0.72718,0.00000,0.31012,0.00000,0.00000
20.0,0.65096,0.27692,0.00000,0.00000,0.30649,0.51831,0.40833,0.00000,0.00000,0.00000,0.00000,0.71741,0.00000,0.00000,0.00000,0.34652,0.38980,0.00000,0.00000,0.00000,0.36527,0.54279,0.29208,0.56384,0.77227,0.79400,0.76920,0.13303,0.86409,0.00000,0.76654,0.54513,0.00000,0.71103,0.00000,0.28842,0.00000,0.00000
20.5,0.62017,0.25102,0.00000,0.00000,0.28329,0.50307,0.38934,0.00000,0.00000,0.00000,0.00000,0.67016,0.00000,0.00000,0.00000,0.38112,0.44661,0.00000,0.00000,0.00000,0.34323,0.51606,0.27108,0.54951,0.75913,0.78211,0.75619,0.11723,0.87432,0.00000,0.75485,0.54997,0.00000,0.69967,0.00000,0.27000,0.00000,0.00000
21.0,0.59029,0.22368,0.00000,0.00000,0.25930,0.48783,0.37090,0.00000,0.00000,0.00000,0.00000,0.62528,0.00000,0.00000,0.00000,0.41224,0.49640,0.00000,0.00000,0.00000,0.32232,0.49011,0.25136,0.53653,0.74526,0.76945,0.74245,0.10925,0.88008,0.00000,0.74268,0.55247,0.00000,0.68594,0.00000,0.25363,0.00000,0.00000
21.5,0.55620,0.19350,0.00000,0.00000,0.23234,0.47165,0.35246,0.00000,0.00000,0.00000,0.00000,0.57527,0.00000,0.00000,0.00000,0.44446,0.54786,0.00000,0.00000,0.00000,0.30135,0.46231,0.23213,0.52319,0.72916,0.75439,0.72648,0.09689,0.87412,0.00000,0.72703,0.54907,0.00000,0.66649,0.00000,0.23885,0.00000,0.00000
22.0,0.52150,0.16343,0.00000,0.00000,0.20470,0.45721,0.33587,0.00000,0.00000,0.00000,0.00000,0.52258,0.00000,0.00000,0.00000,0.47841,0.60281,0.00000,0.00000,0.00000,0.28196,0.43512,0.21463,0.51060,0.71336,0.73951,0.71074,0.09174,0.86890,0.00000,0.71261,0.54903,0.00000,0.64838,0.00000,0.22579,0.00000,0.00000
22.5,0.49152,0.13579,0.00000,0.00000,0.17893,0.44555,0.32156,0.00000,0.00000,0.00000,0.00000,0.47395,0.00000,0.00000,0.00000,0.50937,0.65350,0.00000,0.00000,0.00000,0.26519,0.41105,0.19938,0.49953,0.69859,0.72551,0.69600,0.09704,0.86702,0.00000,0.70022,0.55306,0.00000,0.63216,0.00000,0.21475,0.00000,0.00000
23.0,0.47153,0.11422,0.00000,0.00000,0.15848,0.43845,0.31031,0.00000,0.00000,0.00000,0.00000,0.43473,0.00000,0.00000,0.00000,0.53432,0.69570,0.00000,0.00000,0.00000,0.25214,0.39261,0.18697,0.49024,0.68584,0.71335,0.68322,0.11161,0.86908,0.00000,0.69042,0.56162,0.00000,0.61807,0.00000,0.20599,0.00000,0.00000
23.5,0.45532,0.09373,0.00000,0.00000,0.13919,0.43327,0.30035,0.00000,0.00000,0.00000,0.00000,0.40067,0.00000,0.00000,0.00000,0.55764,0.73329,0.00000,0.00000,0.03172,0.24075,0.37668,0.17589,0.48209,0.67323,0.70092,0.67047,0.13154,0.87033,0.00000,0.68045,0.57131,0.00000,0.60291,0.00000,0.19909,0.00000,0.00000
24.0,0.44109,0.07097,0.00000,0.00000,0.11977,0.42901,0.29053,0.00000,0.00000,0.00000,0.00000,0.37679,0.00000,0.00000,0.00000,0.58165,0.76278,0.00000,0.00000,0.20947,0.23007,0.36306,0.16538,0.47470,0.65996,0.68714,0.65690,0.15830,0.87077,0.00000,0.66936,0.58179,0.00000,0.58586,0.00000,0.19374,0.00000,0.00000
24.5,0.43151,0.04913,0.00000,0.00000,0.10133,0.42692,0.28222,0.00000,0.00000,0.00000,0.00000,0.35691,0.00000,0.00000,0.00000,0.60415,0.78983,0.00000,0.00000,0.37571,0.22113,0.35208,0.15617,0.46946,0.64707,0.67274,0.64344,0.19429,0.87324,0.00000,0.65802,0.59517,0.00000,0.56791,0.00000,0.18997,0.00000,0.00000
25.0,0.42944,0.02824,0.02026,0.00000,0.08451,0.42682,0.27528,0.00000,0.00000,0.00000,0.00000,0.34403,0.00000,0.00000,0.00000,0.62192,0.81006,0.00000,0.00000,0.49429,0.21415,0.34467,0.14825,0.46753,0.63436,0.65693,0.62974,0.23749,0.87523,0.00000,0.64490,0.60795,0.00000,0.54663,0.00000,0.18789,0.00000,0.00000
25.5,0.43017,0.00697,0.07651,0.00000,0.06737,0.42929,0.26992,0.00000,0.00000,0.00000,0.00000,0.33296,0.00000,0.00000,0.00000,0.64309,0.83396,0.00000,0.00000,0.62584,0.20854,0.33926,0.14131,0.46794,0.62161,0.63855,0.61541,0.29515,0.88221,0.00000,0.62987,0.62823,0.00000,0.52361,0.00000,0.18583,0.00000,0.00000
26.0,0.41289,0.00000,0.15674,0.00000,0.02322,0.42665,0.26244,0.00000,0.00000,0.00000,0.00000,0.32469,0.00000,0.00000,0.00000,0.68908,0.86951,0.00000,0.00000,0.64576,0.19964,0.32988,0.13263,0.48171,0.61136,0.61857,0.60259,0.36797,0.89611,0.00000,0.61284,0.65846,0.00000,0.49749,0.00000,0.18365,0.00000,0.00000
26.5,0.39039,0.00000,0.20097,0.00000,0.00000,0.42359,0.25575,0.00000,0.00000,0.00000,0.00000,0.32013,0.00000,0.00000,0.07976,0.74953,0.91397,0.00000,0.00000,0.61141,0.19076,0.32101,0.12423,0.50921,0.60335,0.59386,0.59049,0.47808,0.92701,0.00000,0.59139,0.71110,0.00000,0.46566,0.00000,0.17871,0.00000,0.00000
27.0,0.36180,0.00000,0.25348,0.00000,0.00000,0.41937,0.24876,0.00000,0.00000,0.00000,0.00000,0.31435,0.00000,0.00000,0.17319,0.81740,0.96259,0.00000,0.00000,0.57210,0.18120,0.31078,0.11568,0.54145,0.59538,0.56196,0.57712,0.58687,0.96777,0.02443,0.56844,0.77510,0.00000,0.42787,0.00000,0.17452,0.00000,0.00000
27.5,0.33703,0.00000,0.30045,0.00000,0.00000,0.41014,0.23826,0.00000,0.00000,0.00000,0.00000,0.30647,0.00000,0.00000,0.24324,0.85753,0.98260,0.00000,0.00000,0.50904,0.17038,0.29806,0.10625,0.55936,0.59025,0.54175,0.56860,0.68115,0.98834,0.14648,0.54978,0.82143,0.00000,0.39785,0.00000,0.17305,0.00000,0.00000
28.0,0.31747,0.00000,0.34574,0.00000,0.00000,0.40145,0.22804,0.00000,0.00000,0.00000,0.00000,0.30156,0.00000,0.00000,0.30051,0.88933,0.99379,0.00000,0.00000,0.41134,0.16054,0.28692,0.09752,0.57553,0.58491,0.52282,0.56013,0.75630,1.00000,0.24749,0.53054,0.85332,0.00000,0.37062,0.00000,0.17089,0.00000,0.00000
28.5,0.29310,0.00000,0.38775,0.00000,0.00000,0.39004,0.21663,0.00000,0.00000,0.00000,0.00000,0.29406,0.00000,0.00000,0.35762,0.91814,1.00000,0.00000,0.00000,0.30970,0.14978,0.27359,0.08856,0.58978,0.57788,0.50378,0.55031,0.80569,0.99817,0.31553,0.50931,0.86907,0.00000,0.34441,0.00000,0.16793,0.00000,0.00000
29.0,0.27129,0.00000,0.42721,0.00000,0.00000,0.37825,0.20521,0.00000,0.00000,0.00000,0.00000,0.28804,0.00000,0.00000,0.40507,0.93975,0.99852,0.00000,0.00000,0.17803,0.13956,0.26087,0.08013,0.60214,0.57032,0.48559,0.54024,0.83898,0.98884,0.36337,0.48796,0.87300,0.00000,0.32018,0.00000,0.16487,0.00000,0.00000
29.5,0.25882,0.00000,0.46891,0.00000,0.00000,0.37099,0.19605,0.00000,0.00000,0.00000,0.00000,0.28441,0.00000,0.00000,0.44180,0.95800,0.99724,0.00000,0.00000,0.06800,0.13179,0.25174,0.07322,0.61238,0.56546,0.47090,0.53298,0.89634,0.99509,0.45973,0.47203,0.89273,0.00000,0.30243,0.00000,0.16274,0.00000,0.00000
30.0,0.24803,0.00000,0.50848,0.00000,0.00000,0.36337,0.18669,0.00000,0.00000,0.00000,0.00000,0.28488,0.00000,0.00000,0.47138,0.97188,0.98902,0.00000,0.00000,0.00000,0.12426,0.24333,0.06665,0.62045,0.56038,0.45708,0.52573,0.94391,0.99700,0.54408,0.45650,0.90599,0.00000,0.28615,0.00000,0.16089,0.00000,0.00000
30.5,0.22783,0.00000,0.54147,0.00000,0.00000,0.35176,0.17572,0.00000,0.00000,0.00000,0.00000,0.28513,0.00000,0.00000,0.50411,0.98567,0.97560,0.00000,0.00000,0.00000,0.11511,0.23200,0.05968,0.62706,0.55342,0.44275,0.51695,0.96642,0.98631,0.59095,0.43931,0.90506,0.00000,0.26965,0.00000,0.15869,0.00000,0.00000
31.0,0.20763,0.00000,0.56852,0.00000,0.00000,0.33819,0.16414,0.00000,0.00000,0.00000,0.00000,0.29037,0.00000,0.00000,0.52822,0.99274,0.95230,0.00000,0.00000,0.00000,0.10579,0.22088,0.05296,0.63259,0.54534,0.42852,0.50736,0.97006,0.96650,0.60800,0.42143,0.88948,0.00000,0.25335,0.00000,0.15645,0.00000,0.00000
31.5,0.19000,0.00000,0.59464,0.00000,0.00000,0.32684,0.15412,0.00000,0.00000,0.00000,0.00000,0.29256,0.00000,0.00000,0.55062,1.00000,0.93332,0.00000,0.00000,0.00000,0.09777,0.21069,0.04723,0.63687,0.53910,0.41665,0.49970,0.99306,0.95851,0.66248,0.40739,0.88790,0.00000,0.24093,0.00000,0.15514,0.00000,0.00000
32.0,0.17369,0.00000,0.79499,0.00000,0.00000,0.31315,0.14332,0.00000,0.00000,0.00000,0.00000,0.30180,0.00000,0.00000,0.56188,0.99823,0.90205,0.00000,0.00000,0.00000,0.08952,0.20108,0.04171,0.63968,0.53095,0.40415,0.49049,1.00000,0.94184,0.69325,0.39218,0.87276,0.00000,0.22820,0.00000,0.15352,0.00000,0.00000
32.5,0.15066,0.00000,1.00000,0.00000,0.00000,0.29732,0.13219,0.00000,0.00000,0.00000,0.00000,0.30969,0.00000,0.00000,0.57465,0.99616,0.86929,0.00000,0.00000,0.00000,0.08059,0.18977,0.03636,0.64220,0.52182,0.39173,0.48056,0.99963,0.92173,0.71568,0.37700,0.85297,0.00000,0.21615,0.00000,0.15177,0.00000,0.00000
33.0,0.14125,0.00000,0.75577,0.00000,0.00000,0.28687,0.12378,0.00000,0.00000,0.00000,0.00000,0.31762,0.00000,0.00000,0.57894,0.99137,0.84119,0.00000,0.00000,0.00000,0.07444,0.18248,0.03240,0.64162,0.51562,0.38227,0.47358,0.98765,0.89965,0.71215,0.36382,0.82710,0.00000,0.20549,0.00000,0.15083,0.00000,0.00000
33.5,0.12492,0.00000,0.75289,0.00000,0.00000,0.27452,0.11585,0.00000,0.00000,0.00000,0.05104,0.30987,0.00000,0.00000,0.58991,0.98645,0.81993,0.00000,0.00000,0.00000,0.06821,0.17168,0.02878,0.64248,0.50888,0.37307,0.46627,0.98173,0.88029,0.72496,0.35148,0.80663,0.00000,0.19609,0.00000,0.14990,0.00000,0.00000
34.0,0.11651,0.00000,0.74492,0.00000,0.00000,0.26243,0.10848,0.00000,0.00000,0.00000,0.12833,0.30430,0.00000,0.00000,0.58962,0.97234,0.79268,0.00000,0.00000,0.00000,0.06302,0.16266,0.02573,0.64150,0.50127,0.36389,0.45832,0.96222,0.85404,0.71538,0.33844,0.77396,0.00000,0.18638,0.00000,0.14863,0.00000,0.00000
34.5,0.10420,0.00000,0.73002,0.00000,0.00000,0.25046,0.10166,0.00000,0.00000,0.00000,0.19517,0.29534,0.00000,0.00000,0.59362,0.96170,0.76969,0.00000,0.00000,0.00000,0.05784,0.15283,0.02298,0.64045,0.49416,0.35567,0.45100,0.95164,0.83224,0.72456,0.32678,0.74804,0.00000,0.17803,0.00000,0.14762,0.00000,0.00000
35.0,0.10289,0.00000,0.70881,0.00000,0.00000,0.23875,0.09509,0.00000,0.00000,0.00000,0.28056,0.29497,0.00000,0.00000,0.58201,0.93948,0.73657,0.00000,0.00000,0.00000,0.05366,0.14613,0.02066,0.63734,0.48573,0.34708,0.44265,0.92364,0.80112,0.70389,0.31374,0.70461,0.00000,0.16874,0.00000,0.14593,0.00000,0.00000
35.5,0.08847,0.00000,0.67530,0.00000,0.00000,0.22566,0.08866,0.00000,0.00000,0.00000,0.34272,0.28407,0.00000,0.00000,0.58325,0.92498,0.71192,0.00000,0.00000,0.00000,0.04851,0.13581,0.01838,0.63518,0.47678,0.33865,0.43397,0.89186,0.76825,0.68065,0.30069,0.66320,0.00000,0.15987,0.00000,0.14385,0.00000,0.00000
36.0,0.07530,0.00000,0.64162,0.00000,0.00000,0.21127,0.08200,0.00000,0.00000,0.00000,0.42887,0.27777,0.00000,0.00000,0.57758,0.90448,0.68084,0.00000,0.00000,0.00000,0.04318,0.12623,0.01622,0.63317,0.46623,0.32960,0.42398,0.83651,0.72350,0.61656,0.28574,0.60144,0.00000,0.14972,0.00000,0.14067,0.00000,0.00000
36.5,0.07047,0.00000,0.62445,0.00000,0.00000,0.20103,0.07707,0.00000,0.00000,0.00000,0.49465,0.27429,0.00000,0.00000,0.57130,0.88817,0.65618,0.00000,0.00000,0.00000,0.03948,0.11973,0.01467,0.63083,0.45924,0.32354,0.41737,0.82702,0.70093,0.63258,0.27553,0.56784,0.00000,0.14294,0.00000,0.13923,0.00000,0.00000
37.0,0.06428,0.00000,0.59839,0.00000,0.00000,0.18818,0.07144,0.00000,0.00000,0.00000,0.58281,0.27312,0.00000,0.00000,0.55788,0.86339,0.62344,0.00000,0.00000,0.00000,0.03513,0.11289,0.01306,0.62874,0.44896,0.31559,0.40791,0.77918,0.65901,0.58251,0.26166,0.50299,0.00000,0.13369,0.00000,0.13582,0.00000,0.00000
37.5,0.06510,0.00000,0.57981,0.00000,0.00000,0.17892,0.06726,0.00000,0.00000,0.00000,0.65008,0.27389,0.00000,0.00000,0.54388,0.84191,0.59642,0.00000,0.00000,0.00000,0.03222,0.10868,0.01193,0.62565,0.44162,0.31010,0.40123,0.76743,0.63463,0.59474,0.25156,0.46123,0.00000,0.12708,0.00000,0.13384,0.00000,0.00000
38.0,0.06347,0.00000,0.55353,0.00000,0.00000,0.16744,0.06249,0.00000,0.00000,0.00000,0.72921,0.27503,0.00000,0.00000,0.52427,0.81298,0.56317,0.00000,0.00000,0.00000,0.02870,0.10388,0.01073,0.62145,0.43084,0.30258,0.39155,0.72099,0.59318,0.54805,0.23808,0.39310,0.00000,0.11831,0.00000,0.12982,0.00000,0.00000
38.5,0.08197,0.00000,0.54195,0.00000,0.00000,0.16116,0.05952,0.00000,0.00000,0.00000,0.80005,0.28806,0.00000,0.00000,0.48716,0.77605,0.52736,0.00000,0.00000,0.00000,0.02843,0.10610,0.01023,0.61550,0.42382,0.29804,0.38538,0.72787,0.57632,0.59000,0.22960,0.34934,0.00000,0.11269,0.00000,0.12807,0.00000,0.00000
39.0,0.08640,0.00000,0.50469,0.00000,0.00000,0.14621,0.05365,0.00000,0.00000,0.00000,0.91362,0.29729,0.00000,0.00000,0.44105,0.72092,0.47355,0.00000,0.00000,0.00000,0.02489,0.10336,0.00901,0.60741,0.40983,0.28584,0.36900,0.62834,0.50840,0.45530,0.21031,0.23652,0.00000,0.10036,0.05568,0.11998,0.00000,0.00000
39.5,0.03474,0.00000,0.43345,0.00000,0.00000,0.12189,0.04526,0.00000,0.00000,0.00000,1.00000,0.26923,0.00000,0.00000,0.45715,0.70386,0.44477,0.00000,0.00000,0.00000,0.01283,0.08239,0.00651,0.60425,0.38524,0.26933,0.34684,0.39256,0.38456,0.09367,0.18135,0.07591,0.00000,0.08261,0.15411,0.10562,0.00000,0.00000
40.0,0.01386,0.00000,0.32280,0.00000,0.00000,0.10864,0.04116,0.00000,0.00000,0.06256,0.99504,0.24717,0.00000,0.00000,0.46462,0.69105,0.43033,0.00183,0.00000,0.00000,0.00696,0.07082,0.00534,0.60404,0.36875,0.26176,0.33595,0.27899,0.28482,0.00000,0.15825,0.00000,0.00000,0.05601,0.44728,0.09342,0.00000,0.00000
40.5,0.00034,0.00000,0.30438,0.00000,0.00000,0.09696,0.03824,0.00000,0.00000,0.15755,0.93017,0.22030,0.00000,0.00000,0.46989,0.67597,0.42028,0.07558,0.00000,0.00000,0.00296,0.06052,0.00457,0.60880,0.35869,0.25631,0.32760,0.27399,0.19510,0.00000,0.13548,0.00000,0.00000,0.01710,0.92971,0.07853,0.00000,0.00000
41.0,0.00000,0.00000,0.34972,0.00000,0.00000,0.08570,0.03560,0.00000,0.00000,0.26384,0.87326,0.19275,0.00000,0.00000,0.48876,0.67400,0.41858,0.17951,0.00000,0.00000,0.00000,0.04913,0.00372,0.61938,0.35211,0.25330,0.32212,0.23161,0.15523,0.00000,0.12423,0.00000,0.00000,0.00705,1.00000,0.07046,0.06100,0.00000
41.5,0.00000,0.00000,0.31793,0.00000,0.00000,0.07569,0.03326,0.00000,0.00000,0.33592,0.82108,0.16496,0.00000,0.00000,0.51941,0.68345,0.42436,0.30539,0.00000,0.00000,0.00000,0.03709,0.00283,0.62736,0.34677,0.25141,0.31785,0.17766,0.13228,0.00000,0.11711,0.00000,0.00000,0.00651,0.94467,0.06558,0.12243,0.00000
42.0,0.00000,0.00000,0.29049,0.00000,0.00000,0.06628,0.03123,0.00000,0.00000,0.43568,0.77476,0.14377,0.00000,0.00000,0.53759,0.68381,0.42430,0.39104,0.00000,0.00000,0.00000,0.02813,0.00212,0.63750,0.34228,0.25037,0.31441,0.12543,0.11042,0.00000,0.11058,0.00000,0.00000,0.00596,0.89413,0.06114,0.19974,0.00000
42.5,0.00000,0.00000,0.26087,0.00000,0.00000,0.05678,0.02911,0.00000,0.00000,0.50154,0.72645,0.11888,0.00000,0.00000,0.56978,0.69484,0.43133,0.50815,0.00000,0.00000,0.00000,0.01705,0.00123,0.64426,0.33736,0.24925,0.31062,0.07361,0.08914,0.00000,0.10421,0.00000,0.00000,0.00548,0.84334,0.05693,0.25748,0.00000
43.0,0.00000,0.00000,0.23043,0.00000,0.00000,0.04614,0.02684,0.00000,0.00000,0.59697,0.67840,0.09476,0.00000,0.00000,0.59993,0.70279,0.43636,0.61722,0.00000,0.00000,0.00000,0.00618,0.00030,0.65551,0.33270,0.24855,0.30713,0.01564,0.06621,0.00000,0.09785,0.00000,0.00000,0.00494,0.79314,0.05283,0.33453,0.00000
43.5,0.00000,0.00000,0.20924,0.00000,0.00000,0.03892,0.02535,0.00000,0.00000,0.65653,0.64057,0.07946,0.00000,0.00000,0.61883,0.70569,0.43882,0.67187,0.00000,0.00000,0.00000,0.00012,0.00000,0.65600,0.32368,0.24833,0.30399,0.00000,0.04413,0.00000,0.09188,0.00000,0.00000,0.00449,0.74469,0.04908,0.38839,0.00000
44.0,0.00000,0.00000,0.18010,0.00000,0.00000,0.02807,0.02321,0.00000,0.00000,0.73898,0.59965,0.05464,0.00000,0.00000,0.66710,0.72883,0.45391,0.79801,0.00000,0.00000,0.00000,0.00000,0.00000,0.67213,0.32238,0.25069,0.30373,0.00000,0.01013,0.00000,0.08502,0.00000,0.00000,0.00391,0.68996,0.04493,0.46305,0.00000
44.5,0.00000,0.00000,0.15588,0.00000,0.00000,0.01925,0.02117,0.00000,0.00000,0.80618,0.55441,0.03931,0.00000,0.00000,0.67636,0.71925,0.44897,0.82799,0.00000,0.00000,0.00000,0.00000,0.00000,0.66390,0.31780,0.24717,0.29611,0.00000,0.00000,0.00000,0.06847,0.00000,0.00000,0.00276,0.55814,0.03576,0.51359,0.00000
45.0,0.00000,0.00000,0.13284,0.00000,0.00000,0.00986,0.01953,0.00000,0.00000,0.86536,0.52569,0.01833,0.00000,0.00000,0.73610,0.75425,0.47255,0.93807,0.00000,0.00000,0.00000,0.00000,0.00000,0.67940,0.31981,0.25301,0.29941,0.00000,0.00000,0.00000,0.03555,0.00000,0.00000,0.00047,0.29952,0.01797,0.58040,0.00000
45.5,0.00000,0.00000,0.11527,0.00000,0.00000,0.00258,0.01801,0.00000,0.00000,0.92296,0.49288,0.00825,0.00000,0.00000,0.74767,0.74955,0.47168,0.94000,0.00000,0.00000,0.00000,0.00000,0.00000,0.67011,0.31362,0.25241,0.29476,0.00000,0.00000,0.00000,0.01350,0.00000,0.00000,0.00000,0.12695,0.00607,0.62608,0.00000
46.0,0.00000,0.00000,0.09799,0.00000,0.00000,0.00000,0.01677,0.00000,0.00000,0.93630,0.46763,0.00000,0.00000,0.00000,0.80010,0.77954,0.49391,1.00000,0.06776,0.00000,0.00000,0.00000,0.00000,0.68299,0.31793,0.26034,0.29967,0.00000,0.00000,0.00000,0.00000,0.01982,0.18896,0.00000,0.00000,0.00000,0.68720,0.00000
46.5,0.00000,0.00000,0.08903,0.00000,0.00000,0.00000,0.01590,0.00000,0.00000,0.97250,0.44124,0.00000,0.00000,0.00000,0.78246,0.75450,0.48156,0.92421,0.12216,0.00000,0.00000,0.00000,0.00000,0.66609,0.31157,0.26028,0.29498,0.00000,0.00000,0.00000,0.00000,0.04041,0.27483,0.00000,0.00000,0.00000,0.72480,0.00000
47.0,0.00000,0.00000,0.08285,0.00000,0.00000,0.00000,0.01588,0.00000,0.00000,0.94746,0.42884,0.00000,0.00000,0.00000,0.82543,0.78307,0.50552,0.92655,0.26245,0.00000,0.00000,0.00000,0.00000,0.67378,0.31951,0.27269,0.30392,0.00000,0.00000,0.00000,0.00000,0.08350,0.39069,0.00000,0.00000,0.00000,0.78858,0.00000
47.5,0.00000,0.00000,0.07253,0.00000,0.00000,0.00000,0.01453,0.00000,0.00000,1.00000,0.39874,0.00000,0.00000,0.00000,0.78657,0.73847,0.48087,0.82688,0.29018,0.00000,0.00000,0.00000,0.00000,0.64779,0.30850,0.26944,0.29492,0.00000,0.00000,0.00000,0.00000,0.09416,0.45688,0.00000,0.00000,0.00000,0.81166,0.00000
48.0,0.00000,0.00000,0.04385,0.00000,0.00000,0.00000,0.01438,0.00000,0.00000,0.94728,0.38346,0.00000,0.00000,0.00000,0.83782,0.77150,0.51006,0.83235,0.44294,0.00000,0.00000,0.00000,0.00000,0.65312,0.31662,0.28346,0.30429,0.00000,0.00000,0.00000,0.00000,0.13813,0.56497,0.00000,0.00000,0.00000,0.86549,0.00000
48.5,0.00000,0.00000,0.03398,0.00000,0.00000,0.00000,0.01265,0.11700,0.00000,0.99366,0.35290,0.00000,0.00000,0.00000,0.79116,0.71935,0.48064,0.73201,0.46529,0.00000,0.00000,0.00000,0.00000,0.62520,0.30461,0.28006,0.29441,0.00000,0.00000,0.00000,0.00000,0.14698,0.62593,0.00000,0.00000,0.00000,0.88644,0.00000
49.0,0.00000,0.00000,0.03694,0.00000,0.00000,0.00000,0.01189,0.25475,0.00000,0.91251,0.32894,0.00000,0.00000,0.00000,0.83509,0.74174,0.50505,0.72641,0.62045,0.00000,0.00000,0.00000,0.00000,0.62338,0.31396,0.29972,0.30589,0.00000,0.00000,0.00000,0.00000,0.18596,0.71727,0.00000,0.00000,0.00000,0.92422,0.00000
49.5,0.00000,0.00000,0.02618,0.00000,0.00000,0.00000,0.00907,0.40348,0.00000,0.95924,0.29333,0.00000,0.00000,0.00000,0.76508,0.66709,0.45895,0.62079,0.65211,0.00000,0.00000,0.00000,0.00000,0.58865,0.30403,0.30017,0.29856,0.00000,0.00000,0.00000,0.00000,0.19022,0.76867,0.00000,0.00000,0.00000,0.93822,0.00000
50.0,0.00000,0.00000,0.01833,0.00000,0.00000,0.00000,0.00781,0.51929,0.00000,0.88234,0.26994,0.00000,0.00000,0.00000,0.80699,0.68531,0.48210,0.60908,0.77613,0.00000,0.00000,0.00000,0.00000,0.58405,0.31210,0.31395,0.30799,0.00000,0.00000,0.00000,0.00000,0.21959,0.83307,0.00000,0.00000,0.00000,0.95993,0.00000
50.5,0.00000,0.00000,0.00744,0.00000,0.00000,0.00000,0.00466,0.64242,0.00000,0.88800,0.23848,0.00000,0.00000,0.00000,0.76070,0.62892,0.44858,0.53404,0.82154,0.00000,0.00000,0.00000,0.00000,0.55439,0.29888,0.30374,0.29583,0.00000,0.00000,0.00000,0.00000,0.23119,0.88078,0.00000,0.00000,0.00000,0.96987,0.00000
51.0,0.00000,0.00000,0.00000,0.00000,0.00000,0.00000,0.00279,0.73340,0.00000,0.83272,0.22006,0.00000,0.00000,0.00000,0.80898,0.64979,0.47541,0.51981,0.90929,0.00000,0.00000,0.00000,0.00000,0.55301,0.30425,0.31080,0.30168,0.00000,0.00000,0.00000,0.00000,0.25424,0.92984,0.00000,0.00000,0.00000,0.98857,0.00000
51.5,0.00000,0.00000,0.00000,0.00000,0.00000,0.00000,0.00000,0.82500,0.00000,0.84260,0.19387,0.00000,0.00000,0.00000,0.76273,0.59202,0.43895,0.45157,0.92630,0.00000,0.00000,0.00000,0.00000,0.52369,0.28741,0.29424,0.28525,0.00000,0.00000,0.00000,0.00000,0.25927,0.95444,0.00000,0.00000,0.00000,0.98759,0.00000
52.0,0.00000,0.00000,0.00000,0.00000,0.00000,0.00000,0.00000,0.89848,0.00000,0.79066,0.17635,0.00000,0.00000,0.00000,0.82145,0.61510,0.46948,0.43760,0.99410,0.00001,0.00000,0.00000,0.00000,0.52395,0.29092,0.29771,0.28863,0.00000,0.00000,0.00000,0.00000,0.27833,0.98770,0.00000,0.00000,0.00000,1.00000,0.00000
52.5,0.00000,0.00000,0.00000,0.00000,0.00000,0.00000,0.00000,0.95232,0.00000,0.81006,0.15452,0.00000,0.00000,0.00000,0.76535,0.54624,0.41956,0.37191,0.97438,0.03737,0.00000,0.00000,0.00000,0.49074,0.26921,0.27530,0.26712,0.00000,0.00000,0.00000,0.00000,0.27369,0.98080,0.00000,0.00000,0.00000,0.98211,0.00000
53.0,0.00000,0.00000,0.00000,0.00000,0.00000,0.00000,0.00000,1.00000,0.00000,0.81597,0.14375,0.00000,0.00000,0.00000,0.81731,0.55511,0.43446,0.35114,1.00000,0.09308,0.00000,0.00000,0.00000,0.49236,0.27160,0.27568,0.26779,0.00000,0.00000,0.00000,0.00000,0.28408,1.00000,0.00000,0.00000,0.00000,0.99899,0.00000
53.5,0.00000,0.00000,0.00000,0.00000,0.00000,0.00000,0.00000,0.97938,0.00000,0.79258,0.11399,0.00000,0.00000,0.00000,0.79689,0.49423,0.38354,0.30999,0.98294,0.17059,0.00000,0.00000,0.00000,0.45919,0.24561,0.24907,0.24227,0.00000,0.00000,0.00000,0.00000,0.28196,0.96686,0.00000,0.00000,0.00000,0.96123,0.00000
54.0,0.00000,0.00000,0.00000,0.00000,0.00000,0.00000,0.00000,0.86947,0.00000,0.82238,0.09838,0.00000,0.00000,0.00000,0.90664,0.50780,0.39260,0.30032,0.97201,0.22960,0.00000,0.00000,0.00000,0.46740,0.24301,0.24740,0.24099,0.00000,0.00000,0.00000,0.00000,0.28863,0.95662,0.00000,0.00000,0.00000,0.97298,0.00000
54.5,0.00000,0.00000,0.00000,0.00000,0.00000,0.00000,0.00000,0.75883,0.00000,0.79380,0.06677,0.00000,0.00000,0.00000,0.89023,0.43232,0.30105,0.27328,0.92995,0.27981,0.00000,0.00000,0.00000,0.43089,0.21518,0.21865,0.21327,0.00000,0.00000,0.00000,0.00000,0.27774,0.90868,0.00000,0.00000,0.00000,0.91525,0.00000
55.0,0.00000,0.00000,0.00000,0.00000,0.00000,0.00000,0.00000,0.68494,0.00000,0.81490,0.05371,0.00000,0.00000,0.00000,0.96106,0.42585,0.26841,0.27407,0.92077,0.31201,0.00000,0.00000,0.00000,0.43380,0.21511,0.21818,0.21307,0.00000,0.00000,0.00000,0.00000,0.28021,0.99151,0.00000,0.00000,0.00000,0.92027,0.00000
55.5,0.00000,0.00000,0.00000,0.00000,0.00000,0.00000,0.00000,0.59623,0.00000,0.77518,0.02339,0.00000,0.00000,0.00000,0.92146,0.34588,0.17058,0.25997,0.87683,0.34315,0.00000,0.00000,0.00000,0.39641,0.18962,0.19199,0.18771,0.00000,0.00000,0.00000,0.00000,0.26651,0.95376,0.00000,0.00000,0.00000,0.85681,0.00000
56.0,0.00000,0.00000,0.00000,0.00000,0.00000,0.00000,0.00000,0.54069,0.00000,0.79403,0.00862,0.00000,0.00000,0.00000,0.97641,0.32943,0.12985,0.26467,0.86447,0.36510,0.00000,0.00000,0.00000,0.39697,0.19039,0.19252,0.18841,0.00000,0.00000,0.00000,0.00000,0.26709,0.97431,0.00000,0.00000,0.00000,0.85916,0.00000
56.5,0.00000,0.00000,0.00000,0.00000,0.00000,0.00000,0.00000,0.47358,0.00000,0.72982,0.00000,0.00000,0.00000,0.00000,0.94109,0.24934,0.04098,0.25720,0.82739,0.39705,0.00000,0.00000,0.00000,0.36069,0.16656,0.16856,0.16510,0.00000,0.00000,0.00000,0.00000,0.25423,0.92610,0.00000,0.00000,0.00000,0.79286,0.00000
57.0,0.00000,0.00000,0.00000,0.00000,0.00000,0.00000,0.00000,0.44051,0.00000,0.74000,0.00000,0.00000,0.00000,0.00000,1.00000,0.21759,0.00002,0.26892,0.83371,0.43207,0.00000,0.00000,0.00000,0.36122,0.16904,0.17078,0.16739,0.00000,0.00000,0.00000,0.00000,0.25957,0.95454,0.00000,0.00000,0.00000,0.80314,0.00000
57.5,0.00000,0.00000,0.00000,0.00000,0.00000,0.00000,0.00000,0.37868,0.00000,0.67686,0.00000,0.00000,0.00000,0.00000,0.91907,0.11936,0.00000,0.25525,0.77376,0.43744,0.00000,0.00000,0.00000,0.31751,0.14784,0.14886,0.14599,0.00000,0.00000,0.00000,0.00000,0.23359,0.86860,0.00000,0.00000,0.00000,0.71844,0.00000
58.0,0.00000,0.00000,0.00000,0.00000,0.00000,0.00000,0.00000,0.35804,0.00000,0.68715,0.00000,0.00000,0.00000,0.00000,0.95230,0.05293,0.00000,0.26935,0.78746,0.47752,0.00000,0.00000,0.00000,0.31004,0.15382,0.15473,0.15181,0.00000,0.00000,0.00000,0.00000,0.23506,0.88352,0.00000,0.00000,0.00000,0.72250,0.00000
58.5,0.00000,0.00000,0.00000,0.00000,0.00000,0.00000,0.00000,0.30638,0.00000,0.62486,0.00000,0.00000,0.00000,0.00000,0.74582,0.00000,0.00000,0.24610,0.71939,0.47209,0.00000,0.00000,0.00000,0.26580,0.13251,0.13318,0.13071,0.00000,0.00000,0.00000,0.00000,0.20388,0.78198,0.00000,0.00000,0.00000,0.63267,0.00000
59.0,0.00000,0.00000,0.00000,0.00000,0.00000,0.00000,0.00000,0.29092,0.00000,0.56731,0.00000,0.00000,0.00000,0.00000,0.78556,0.00000,0.00000,0.26663,0.74277,0.53841,0.00000,0.00000,0.00000,0.26579,0.13415,0.13473,0.13226,0.00000,0.00000,0.00000,0.00000,0.21304,0.79230,0.00000,0.00000,0.00000,0.62356,0.00000
59.5,0.00000,0.00000,0.00000,0.00000,0.00000,0.00000,0.00000,0.24193,0.00000,0.54408,0.00000,0.00000,0.00000,0.00000,0.47242,0.00000,0.00000,0.22985,0.64827,0.49077,0.00000,0.00000,0.00000,0.22817,0.10988,0.11030,0.10829,0.00000,0.00000,0.00000,0.00000,0.17798,0.69482,0.00000,0.00000,0.00000,0.54585,0.00000
60.0,0.00000,0.00000,0.00000,0.00000,0.00000,0.00000,0.00000,0.22666,0.00000,0.48414,0.00000,0.00000,0.00000,0.00000,0.50107,0.00000,0.00000,0.24857,0.65790,0.54247,0.00000,0.00000,0.00000,0.22606,0.11110,0.11147,0.10943,0.00000,0.00000,0.00000,0.00000,0.18209,0.68949,0.00000,0.00000,0.00000,0.52755,0.00000
60.5,0.00000,0.00000,0.00000,0.00000,0.00000,0.00000,0.00000,0.18867,0.00000,0.47062,0.00000,0.00000,0.00000,0.00000,0.22326,0.00000,0.00000,0.21660,0.57368,0.49108,0.00000,0.00000,0.00000,0.19430,0.09037,0.09064,0.08898,0.00000,0.00000,0.00000,0.00000,0.15195,0.60701,0.00000,0.00000,0.00000,0.46385,0.00000
61.0,0.00000,0.00000,0.00000,0.00000,0.00000,0.00000,0.00000,0.17536,0.00000,0.42733,0.00000,0.00000,0.00000,0.00000,0.21679,0.00000,0.00000,0.23179,0.57340,0.52723,0.00000,0.00000,0.00000,0.19105,0.09183,0.09201,0.09032,0.00000,0.00000,0.00000,0.00000,0.15226,0.59756,0.00000,0.00000,0.00000,0.44647,0.00000
61.5,0.00000,0.00000,0.00000,0.00000,0.00000,0.00000,0.00000,0.14767,0.00727,0.40657,0.00000,0.00000,0.00000,0.00000,0.02188,0.00000,0.00000,0.21014,0.50802,0.48745,0.00000,0.00000,0.00000,0.16597,0.07564,0.07581,0.07441,0.00000,0.00000,0.00000,0.00000,0.12959,0.53248,0.00000,0.00000,0.00000,0.39536,0.00000
62.0,0.00000,0.00000,0.00000,0.00000,0.00000,0.00000,0.00000,0.13385,0.00705,0.36609,0.00000,0.00000,0.00000,0.00000,0.00000,0.00000,0.00000,0.21894,0.49266,0.50430,0.00000,0.00000,0.00000,0.15999,0.07667,0.07691,0.07547,0.00000,0.00000,0.00000,0.00000,0.12355,0.50593,0.00000,0.00000,0.00000,0.36867,0.00000
62.5,0.00000,0.00000,0.00000,0.00000,0.00000,0.00000,0.00000,0.11202,0.02675,0.33531,0.00000,0.00000,0.00000,0.00000,0.00000,0.00000,0.00000,0.17167,0.42824,0.46857,0.00000,0.00000,0.00000,0.14244,0.05914,0.05928,0.05816,0.00000,0.00000,0.00000,0.00000,0.10495,0.44876,0.00000,0.00000,0.00000,0.32276,0.00000
63.0,0.00000,0.00000,0.00000,0.00000,0.00000,0.00000,0.00000,0.09703,0.03482,0.29983,0.00000,0.00000,0.00000,0.00000,0.00000,0.00000,0.00000,0.14927,0.39010,0.45677,0.00000,0.00000,0.00000,0.13106,0.05084,0.05095,0.04998,0.00000,0.00000,0.00000,0.00000,0.09297,0.40605,0.00000,0.00000,0.00000,0.28664,0.00000
63.5,0.00000,0.00000,0.00000,0.00000,0.00000,0.00000,0.00000,0.08528,0.04001,0.26539,0.00000,0.00000,0.00000,0.00000,0.00000,0.00000,0.00000,0.13272,0.36149,0.45354,0.00000,0.00000,0.00000,0.12150,0.04363,0.04373,0.04289,0.00000,0.00000,0.00000,0.00000,0.08437,0.37185,0.00000,0.00000,0.00000,0.25606,0.00000
64.0,0.00000,0.00000,0.00000,0.00000,0.00000,0.00000,0.00000,0.07498,0.04435,0.23504,0.00000,0.00000,0.00000,0.00000,0.00000,0.00000,0.00000,0.11490,0.33454,0.44928,0.00000,0.00000,0.00000,0.11239,0.03669,0.03677,0.03606,0.00000,0.00000,0.00000,0.00000,0.07614,0.33948,0.00000,0.00000,0.00000,0.22767,0.00000
64.5,0.00000,0.00000,0.00000,0.00000,0.00000,0.00000,0.00000,0.06465,0.04941,0.21413,0.00000,0.00000,0.00000,0.00000,0.00000,0.00000,0.00000,0.08640,0.30100,0.43088,0.00000,0.00000,0.00000,0.10241,0.02954,0.02960,0.02902,0.00000,0.00000,0.00000,0.00000,0.06466,0.30142,0.00000,0.00000,0.00000,0.19829,0.00000
65.0,0.00000,0.00000,0.00000,0.00000,0.00000,0.00000,0.00000,0.05581,0.05298,0.19590,0.00000,0.00000,0.00000,0.00000,0.00000,0.00000,0.00000,0.05746,0.27076,0.41285,0.00000,0.00000,0.00000,0.09303,0.02275,0.02280,0.02234,0.00000,0.00000,0.00000,0.00000,0.05349,0.26386,0.00000,0.00000,0.00000,0.17022,0.00000
65.5,0.01682,0.05105,0.00000,0.26556,0.00000,0.00000,0.00000,0.05990,0.09719,0.10820,0.00000,0.00000,0.00000,0.00000,0.00000,0.00000,0.00000,0.00000,0.29882,0.54576,0.00446,0.00000,0.00000,0.04380,0.00000,0.00000,0.00000,0.00000,0.00000,0.16222,0.00000,0.01942,0.03231,0.00000,0.08291,0.00000,0.00604,0.17858
66.0,0.02232,0.04951,0.00000,0.29495,0.00000,0.00000,0.00000,0.05618,0.09448,0.11081,0.00000,0.00000,0.00000,0.00000,0.00000,0.00000,0.00000,0.00000,0.29509,0.56374,0.00085,0.00000,0.00000,0.04260,0.00000,0.00000,0.00000,0.00000,0.00000,0.15071,0.00000,0.01897,0.03305,0.00000,0.07919,0.00000,0.00593,0.18627
66.5,0.02749,0.04782,0.00000,0.33043,0.00000,0.00000,0.00000,0.05279,0.09179,0.11306,0.00000,0.00000,0.00000,0.00000,0.00000,0.00000,0.00000,0.00000,0.29183,0.58380,0.00000,0.00000,0.00000,0.04131,0.00000,0.00000,0.00000,0.00000,0.00000,0.14104,0.00000,0.01854,0.03385,0.00000,0.07685,0.00000,0.00577,0.19508
67.0,0.03247,0.04600,0.00000,0.37182,0.00000,0.00000,0.00000,0.04970,0.08926,0.11513,0.00000,0.00000,0.00000,0.00000,0.00000,0.00000,0.00000,0.00000,0.28834,0.60430,0.00000,0.00000,0.00000,0.03999,0.00000,0.00000,0.00000,0.00000,0.00000,0.13659,0.00000,0.01807,0.03473,0.00000,0.07691,0.00000,0.00569,0.20512
67.5,0.03712,0.04403,0.00000,0.43488,0.00000,0.00000,0.00000,0.04677,0.08711,0.11687,0.00000,0.00000,0.00000,0.00000,0.00000,0.00000,0.00000,0.00000,0.28452,0.62583,0.00000,0.00000,0.00000,0.03872,0.00000,0.00000,0.00000,0.00000,0.00000,0.13187,0.00000,0.01766,0.03555,0.00000,0.07715,0.00000,0.00560,0.21653
68.0,0.04222,0.04189,0.00000,0.50503,0.00000,0.00000,0.00000,0.04417,0.08481,0.11937,0.00000,0.00000,0.00000,0.00000,0.00000,0.00000,0.00000,0.00000,0.28086,0.64772,0.00000,0.00000,0.00000,0.03728,0.00000,0.00000,0.00000,0.00000,0.00000,0.12886,0.00000,0.01732,0.03633,0.00000,0.07757,0.00000,0.00551,0.22911
68.5,0.04723,0.03971,0.00000,0.57376,0.00000,0.00000,0.00000,0.04176,0.08270,0.12156,0.00000,0.00000,0.00000,0.00000,0.00000,0.00000,0.00000,0.00000,0.27719,0.67052,0.00000,0.00000,0.00000,0.03585,0.00000,0.00000,0.00000,0.00000,0.00000,0.12570,0.00000,0.01706,0.03743,0.00000,0.07837,0.00000,0.00544,0.24340
69.0,0.05212,0.03759,0.00000,0.62976,0.00000,0.00000,0.00000,0.03964,0.08078,0.12391,0.00000,0.00000,0.00000,0.00000,0.00000,0.00000,0.00000,0.00000,0.27359,0.69407,0.00000,0.00000,0.00000,0.03441,0.00000,0.00000,0.00000,0.00000,0.00000,0.12371,0.00000,0.01688,0.03854,0.00000,0.07955,0.00000,0.00535,0.25996
69.5,0.05660,0.03560,0.00000,0.67906,0.00000,0.00000,0.00000,0.03768,0.07895,0.12658,0.00000,0.00000,0.00000,0.00000,0.00000,0.00000,0.00000,0.00000,0.26990,0.71735,0.00000,0.00000,0.00000,0.03292,0.00000,0.00000,0.00000,0.00000,0.00000,0.12293,0.00000,0.01683,0.03985,0.00000,0.07888,0.00000,0.00526,0.27833
70.0,0.06081,0.03365,0.00000,0.72530,0.00000,0.00000,0.00000,0.03598,0.07728,0.12900,0.00000,0.00000,0.00000,0.00000,0.00000,0.00000,0.00000,0.00000,0.26610,0.74034,0.00000,0.00000,0.00000,0.03143,0.00000,0.00000,0.00000,0.00000,0.00000,0.12337,0.00000,0.01687,0.04123,0.00000,0.07779,0.00000,0.00519,0.29917
70.5,0.06483,0.03170,0.00000,0.76598,0.00000,0.00000,0.00000,0.03448,0.07587,0.13133,0.00000,0.00000,0.00000,0.00000,0.00000,0.00000,0.00000,0.00000,0.26236,0.76327,0.00000,0.00000,0.00000,0.02997,0.00000,0.00000,0.00000,0.00000,0.00000,0.12442,0.00000,0.01702,0.04304,0.00000,0.07727,0.00000,0.00511,0.32324
71.0,0.06858,0.02985,0.00000,0.80275,0.00000,0.00000,0.00000,0.03320,0.07474,0.13347,0.00000,0.00000,0.00000,0.00000,0.00000,0.00000,0.00000,0.00000,0.25880,0.78581,0.00000,0.00000,0.00000,0.02855,0.00000,0.00000,0.00000,0.00000,0.00000,0.12543,0.00000,0.01729,0.04480,0.00000,0.07713,0.00000,0.00503,0.35101
71.5,0.07208,0.02806,0.00000,0.83498,0.00000,0.00000,0.00000,0.03215,0.07390,0.13529,0.00000,0.00000,0.00000,0.00000,0.00000,0.00000,0.00000,0.00000,0.25552,0.80841,0.00000,0.00000,0.00000,0.02718,0.00000,0.00000,0.00000,0.00000,0.00000,0.12509,0.00000,0.01769,0.04706,0.00000,0.07777,0.00000,0.00497,0.38354
72.0,0.07532,0.02629,0.00000,0.86300,0.00000,0.00000,0.00000,0.03126,0.07327,0.13406,0.00000,0.00000,0.00000,0.00000,0.00000,0.00000,0.00000,0.00000,0.25242,0.83155,0.00000,0.00000,0.00000,0.02587,0.00000,0.00000,0.00000,0.00000,0.00000,0.12536,0.00000,0.01820,0.04950,0.00000,0.07897,0.00000,0.00491,0.42110
72.5,0.07829,0.02468,0.00000,0.87780,0.00000,0.00000,0.00000,0.03051,0.07290,0.13204,0.00000,0.00000,0.00000,0.00000,0.00000,0.00000,0.00000,0.00000,0.24930,0.85331,0.00000,0.00000,0.00000,0.02458,0.00000,0.00000,0.00000,0.00000,0.00000,0.12626,0.00000,0.01882,0.05217,0.00000,0.08072,0.00000,0.00486,0.46459
73.0,0.08097,0.02304,0.00000,0.89745,0.00000,0.00000,0.00000,0.03005,0.07280,0.12978,0.00000,0.00000,0.00000,0.00000,0.00000,0.00000,0.00000,0.00000,0.24694,0.87527,0.00000,0.00000,0.00000,0.02334,0.00000,0.00000,0.00000,0.00000,0.00000,0.12778,0.00000,0.01958,0.05527,0.00000,0.08361,0.00000,0.00488,0.51721
73.5,0.08336,0.02151,0.00000,0.91541,0.00000,0.00000,0.00000,0.02976,0.07301,0.12728,0.00000,0.00000,0.00000,0.00000,0.00000,0.00000,0.00000,0.00000,0.24510,0.89628,0.00000,0.00000,0.00000,0.02213,0.00000,0.00000,0.00000,0.00000,0.00000,0.12729,0.00000,0.02048,0.05925,0.00000,0.08802,0.00000,0.00508,0.58073
74.0,0.08548,0.02001,0.00000,0.92996,0.00000,0.00000,0.00000,0.02964,0.07347,0.12441,0.00000,0.00000,0.00000,0.00000,0.00000,0.00000,0.00000,0.00000,0.24369,0.91606,0.00000,0.00000,0.00000,0.02095,0.00000,0.00000,0.00000,0.00000,0.00000,0.12744,0.00000,0.02150,0.06362,0.00000,0.09351,0.00000,0.00530,0.65737
74.5,0.08731,0.01854,0.00000,0.94192,0.00000,0.00000,0.00000,0.02963,0.07411,0.12102,0.00000,0.00000,0.00000,0.00000,0.00000,0.00000,0.00000,0.00000,0.24259,0.93324,0.00000,0.00000,0.00000,0.01979,0.00000,0.00000,0.00000,0.00000,0.00000,0.12953,0.00000,0.02266,0.06842,0.00000,0.09965,0.00000,0.00553,0.79045
75.0,0.08891,0.01714,0.00000,0.95213,0.00000,0.00000,0.00000,0.02988,0.07503,0.11750,0.00000,0.00000,0.00000,0.00000,0.00000,0.00000,0.00000,0.00000,0.24224,0.94945,0.00000,0.00000,0.00000,0.01865,0.00000,0.00000,0.00000,0.00000,0.00000,0.13292,0.00000,0.02396,0.07368,0.00000,0.10678,0.00000,0.00577,0.88602
75.5,0.09033,0.01592,0.00000,0.96225,0.00000,0.00000,0.00000,0.03023,0.07621,0.11370,0.00000,0.00000,0.00000,0.00000,0.00000,0.00000,0.00000,0.00000,0.24267,0.96439,0.00000,0.00000,0.00000,0.01754,0.00000,0.00000,0.00000,0.00000,0.00000,0.13761,0.00000,0.02539,0.07919,0.00000,0.11503,0.00000,0.00602,0.94113
76.0,0.09157,0.01478,0.00000,0.97148,0.00000,0.00000,0.00000,0.03079,0.07761,0.10947,0.00000,0.00000,0.00000,0.00000,0.00000,0.00000,0.00000,0.00000,0.24380,0.97735,0.00000,0.00000,0.00000,0.01645,0.00000,0.00000,0.00000,0.00000,0.00000,0.14360,0.00000,0.02694,0.08522,0.00000,0.12411,0.00000,0.00626,0.97275
76.5,0.09265,0.01382,0.00000,0.97984,0.00000,0.00000,0.00000,0.03144,0.07924,0.10505,0.00000,0.00000,0.00000,0.00000,0.00000,0.00000,0.00000,0.00000,0.24561,0.98793,0.00000,0.00000,0.00000,0.01538,0.00000,0.00000,0.00000,0.00000,0.00000,0.13367,0.00000,0.02870,0.09120,0.00000,0.13425,0.00000,0.00652,0.99065
77.0,0.09361,0.01295,0.00000,0.98731,0.00000,0.00000,0.00000,0.03224,0.08105,0.10042,0.00000,0.00000,0.00000,0.00000,0.00000,0.00000,0.00000,0.00000,0.24807,0.99575,0.00000,0.00000,0.00000,0.01433,0.00000,0.00000,0.00000,0.00000,0.00000,0.09991,0.00000,0.03066,0.09702,0.00000,0.14564,0.00000,0.00682,0.99851
77.5,0.09440,0.01222,0.00000,0.99389,0.00000,0.00000,0.00000,0.03314,0.08305,0.09514,0.00000,0.00000,0.00000,0.00000,0.00000,0.00000,0.00000,0.00000,0.25095,1.00000,0.00000,0.00000,0.00000,0.01330,0.00000,0.00000,0.00000,0.00000,0.00000,0.06746,0.00000,0.03265,0.10181,0.00000,0.15702,0.00000,0.00709,1.00000
78.0,0.09507,0.01159,0.00000,0.99785,0.00000,0.00000,0.00000,0.03413,0.08520,0.08945,0.00000,0.00000,0.00000,0.00000,0.00000,0.00000,0.00000,0.00000,0.25423,0.99986,0.00000,0.00000,0.00000,0.01230,0.00000,0.00000,0.00000,0.00000,0.00000,0.03503,0.00000,0.03449,0.10513,0.00000,0.16742,0.00000,0.00739,0.99513
78.5,0.09560,0.01110,0.00000,1.00000,0.00000,0.00000,0.00000,0.03522,0.08750,0.08318,0.00000,0.00000,0.00000,0.00000,0.00000,0.00000,0.00000,0.00000,0.25778,0.99489,0.00000,0.00000,0.00000,0.01133,0.00000,0.00000,0.00000,0.00000,0.00000,0.00132,0.00000,0.03599,0.11070,0.00000,0.17616,0.00111,0.00761,0.98605
79.0,0.09586,0.01038,0.00341,0.99596,0.00000,0.00000,0.00000,0.03622,0.08978,0.07585,0.00000,0.00000,0.00000,0.00000,0.00000,0.00000,0.00000,0.00000,0.26046,0.98122,0.00000,0.00000,0.00000,0.01037,0.00000,0.00000,0.00000,0.00000,0.00000,0.00000,0.00000,0.04081,0.08190,0.00000,0.20065,0.00389,0.00848,0.96981
79.5,0.09594,0.00981,0.00951,0.98818,0.00000,0.00000,0.00000,0.03710,0.09221,0.07016,0.00000,0.00000,0.00000,0.00000,0.00000,0.00000,0.00000,0.00000,0.26242,0.98049,0.00000,0.00000,0.00000,0.00946,0.00000,0.00000,0.00000,0.00000,0.00000,0.00000,0.00000,0.04617,0.02413,0.00000,0.22549,0.00675,0.00971,0.94825
80.0,0.09587,0.00923,0.01274,0.97574,0.00000,0.00000,0.00000,0.03806,0.09466,0.06308,0.00000,0.00000,0.00000,0.00000,0.00000,0.00000,0.00000,0.00000,0.26412,0.96757,0.00000,0.00000,0.00000,0.00859,0.00000,0.00000,0.00000,0.00000,0.00000,0.00000,0.00000,0.05178,0.00000,0.00000,0.25459,0.00927,0.01054,0.92324
80.5,0.09580,0.00875,0.01533,0.96202,0.00000,0.00000,0.00000,0.03894,0.09730,0.05436,0.00000,0.00000,0.00000,0.00000,0.00000,0.00000,0.00000,0.00000,0.26604,0.94046,0.00078,0.00000,0.00000,0.00779,0.00000,0.00000,0.00000,0.00000,0.00000,0.00000,0.00000,0.05707,0.00000,0.00000,0.28350,0.01068,0.01101,0.89573
81.0,0.09617,0.00848,0.01773,0.94787,0.00000,0.00000,0.00000,0.03988,0.10063,0.04362,0.00000,0.00000,0.00000,0.00000,0.00000,0.00000,0.00000,0.00000,0.26807,0.90286,0.00243,0.00000,0.00000,0.00709,0.00000,0.00000,0.00000,0.00000,0.00000,0.00000,0.00000,0.06194,0.00000,0.00000,0.30960,0.01162,0.01152,0.86839
81.5,0.09637,0.00826,0.01986,0.92973,0.00000,0.00000,0.00000,0.04072,0.10400,0.03213,0.00000,0.00000,0.00000,0.00000,0.00000,0.00000,0.00000,0.00000,0.26961,0.85684,0.00399,0.00000,0.00000,0.00644,0.00000,0.00000,0.00000,0.00000,0.00000,0.00000,0.00000,0.06637,0.00000,0.00000,0.33289,0.01242,0.01188,0.83706
82.0,0.09646,0.00820,0.02102,0.90754,0.00000,0.00000,0.00000,0.04144,0.10750,0.01999,0.00000,0.00000,0.00000,0.00000,0.00000,0.00000,0.00000,0.00000,0.27057,0.80451,0.00546,0.00000,0.00000,0.00583,0.00000,0.00000,0.00000,0.00000,0.00000,0.00000,0.00000,0.07035,0.00000,0.00000,0.35301,0.01289,0.01230,0.80348
82.5,0.09660,0.00819,0.02204,0.88301,0.00000,0.00000,0.00000,0.04211,0.11136,0.00746,0.00000,0.00000,0.00000,0.00000,0.00000,0.00000,0.00000,0.00000,0.27103,0.74821,0.00719,0.00000,0.00000,0.00528,0.00000,0.00000,0.00000,0.00000,0.00000,0.00000,0.00000,0.07391,0.00000,0.00000,0.37001,0.01308,0.01262,0.76857
83.0,0.09692,0.00846,0.02788,0.85060,0.00000,0.00000,0.00000,0.04158,0.11484,0.00000,0.00000,0.00000,0.00000,0.00000,0.00000,0.00000,0.00000,0.00000,0.26954,0.72368,0.01064,0.00000,0.00000,0.00484,0.00000,0.00000,0.00000,0.00000,0.00000,0.00000,0.00000,0.07692,0.00000,0.00000,0.38373,0.01324,0.01285,0.72896
83.5,0.09692,0.00885,0.02748,0.80916,0.00000,0.00000,0.00000,0.03960,0.11695,0.00000,0.00000,0.00000,0.00000,0.00000,0.00000,0.00000,0.00000,0.00000,0.26689,0.74498,0.01442,0.00000,0.00000,0.00447,0.00000,0.00000,0.00000,0.00000,0.00000,0.00000,0.00000,0.07946,0.00000,0.00000,0.39406,0.01320,0.01300,0.68640
84.0,0.09658,0.00935,0.02268,0.77659,0.00000,0.00000,0.00000,0.03717,0.11871,0.00000,0.00000,0.00000,0.00000,0.00000,0.00000,0.00000,0.00000,0.00000,0.26386,0.76234,0.01724,0.00000,0.00000,0.00413,0.00000,0.00000,0.00000,0.00000,0.00000,0.00000,0.00000,0.08148,0.00000,0.00000,0.40120,0.01299,0.01314,0.64352
84.5,0.09596,0.01002,0.02229,0.73430,0.00000,0.00000,0.00000,0.03444,0.12019,0.00000,0.00000,0.00000,0.00000,0.00000,0.00000,0.00000,0.00000,0.00000,0.26012,0.77581,0.01952,0.00000,0.00000,0.00382,0.00000,0.00000,0.00000,0.00000,0.00000,0.00000,0.00000,0.08297,0.00000,0.00000,0.40508,0.01280,0.01315,0.60122
85.0,0.09501,0.01074,0.02189,0.68892,0.00000,0.00000,0.00000,0.03116,0.12123,0.00000,0.00000,0.00000,0.00000,0.00000,0.00000,0.00000,0.00000,0.00000,0.25556,0.78491,0.02119,0.00000,0.00000,0.00355,0.00000,0.00000,0.00000,0.00000,0.00000,0.00000,0.00000,0.08395,0.00000,0.00000,0.40600,0.01233,0.01309,0.55868
85.5,0.09437,0.01141,0.04092,0.64395,0.00000,0.00000,0.00000,0.02715,0.12250,0.00000,0.00000,0.00000,0.00000,0.00000,0.00000,0.00000,0.00000,0.00000,0.25015,0.79825,0.02344,0.00000,0.00000,0.00335,0.00000,0.00000,0.00000,0.00000,0.00000,0.00000,0.00000,0.08446,0.00000,0.00000,0.40405,0.01192,0.01295,0.51938
86.0,0.09368,0.01214,0.04244,0.60218,0.00000,0.00000,0.00000,0.02290,0.12369,0.00000,0.00000,0.00000,0.00000,0.00000,0.00000,0.00000,0.00000,0.00000,0.24546,0.80777,0.02482,0.00000,0.00000,0.00317,0.00000,0.00000,0.00000,0.00000,0.00000,0.00000,0.00000,0.08443,0.00000,0.00000,0.39942,0.01155,0.01274,0.48163
86.5,0.09301,0.01309,0.02287,0.56370,0.00000,0.00000,0.00000,0.01863,0.12489,0.00000,0.00000,0.00000,0.00000,0.00000,0.00000,0.00000,0.00000,0.00000,0.24198,0.81400,0.02524,0.00000,0.00000,0.00302,0.00000,0.00000,0.00000,0.00000,0.00000,0.00000,0.00000,0.08393,0.00000,0.00000,0.39243,0.01097,0.01246,0.44804
87.0,0.09216,0.01410,0.02191,0.52490,0.00000,0.00000,0.00000,0.01336,0.12567,0.00000,0.00000,0.00000,0.00000,0.00000,0.00000,0.00000,0.00000,0.00000,0.23682,0.81746,0.02590,0.00000,0.00000,0.00290,0.00000,0.00000,0.00000,0.00000,0.00000,0.00000,0.00000,0.08312,0.00000,0.00000,0.38404,0.01058,0.01211,0.41433
87.5,0.09122,0.01516,0.02113,0.48676,0.00000,0.00000,0.00000,0.00776,0.12621,0.00000,0.00000,0.00000,0.00000,0.00000,0.00000,0.00000,0.00000,0.00000,0.23127,0.81769,0.02628,0.00000,0.00000,0.00281,0.00000,0.00000,0.00000,0.00000,0.00000,0.00000,0.00000,0.08213,0.00000,0.00000,0.37573,0.01012,0.01195,0.38225
88.0,0.09027,0.01616,0.02075,0.45024,0.00000,0.00000,0.00000,0.00155,0.12653,0.00000,0.00000,0.00000,0.00000,0.00000,0.00000,0.00000,0.00000,0.00000,0.22538,0.81474,0.02656,0.00000,0.00000,0.00275,0.00000,0.00000,0.00000,0.00000,0.00000,0.00000,0.00000,0.08078,0.00000,0.00000,0.36580,0.00960,0.01165,0.35183
88.5,0.08932,0.01721,0.01990,0.41630,0.00000,0.00000,0.00000,0.00000,0.12659,0.00000,0.00000,0.00000,0.00000,0.00000,0.00000,0.00000,0.00000,0.00000,0.21889,0.81213,0.02683,0.00000,0.00000,0.00272,0.00000,0.00000,0.00000,0.00000,0.00000,0.00000,0.00000,0.07907,0.00000,0.00000,0.35454,0.00915,0.01128,0.32308
89.0,0.08846,0.01825,0.01857,0.38407,0.00000,0.00000,0.00000,0.00000,0.12644,0.00000,0.00000,0.00000,0.00000,0.00000,0.00000,0.00000,0.00000,0.00000,0.21236,0.80840,0.02706,0.00000,0.00000,0.00274,0.00000,0.00000,0.00000,0.00000,0.00000,0.00000,0.00000,0.07710,0.00000,0.00000,0.34219,0.00864,0.01084,0.29688
89.5,0.08771,0.01922,0.01810,0.35449,0.00000,0.00000,0.00000,0.00000,0.12615,0.00000,0.00000,0.00000,0.00000,0.00000,0.00000,0.00000,0.00000,0.00000,0.20603,0.80311,0.02702,0.00000,0.00000,0.00279,0.00000,0.00000,0.00000,0.00000,0.00000,0.00000,0.00000,0.07501,0.00000,0.00000,0.32973,0.00830,0.01040,0.27324
90.0,0.08709,0.02013,0.01808,0.32850,0.00000,0.00000,0.00000,0.00000,0.12581,0.00000,0.00000,0.00000,0.00000,0.00000,0.00000,0.00000,0.00000,0.00000,0.19994,0.79778,0.02695,0.00000,0.00000,0.00287,0.00000,0.00000,0.00000,0.00000,0.00000,0.00000,0.00000,0.07284,0.00000,0.00000,0.31751,0.00789,0.00995,0.25217
90.5,0.08680,0.02073,0.01766,0.30429,0.00000,0.00000,0.00000,0.00000,0.12555,0.00000,0.00000,0.00000,0.00000,0.00000,0.00000,0.00000,0.00000,0.00000,0.19423,0.79390,0.02692,0.00000,0.00000,0.00300,0.00000,0.00000,0.00000,0.00000,0.00000,0.00000,0.00000,0.07055,0.00000,0.00000,0.30505,0.00754,0.00943,0.23281
91.0,0.08672,0.01982,0.01767,0.28188,0.00000,0.00000,0.00000,0.00000,0.12523,0.00000,0.00000,0.00000,0.00000,0.00000,0.00000,0.00000,0.00000,0.00000,0.18930,0.79004,0.02669,0.00000,0.00000,0.00318,0.00000,0.00000,0.00000,0.00000,0.00000,0.00000,0.00000,0.06810,0.00000,0.00000,0.29239,0.00711,0.00890,0.21600
91.5,0.08723,0.01832,0.01791,0.26217,0.00000,0.00000,0.00000,0.00000,0.12525,0.00000,0.00000,0.00000,0.00000,0.00000,0.00000,0.00000,0.00000,0.00000,0.18544,0.79239,0.02657,0.00000,0.00000,0.00343,0.00000,0.00000,0.00000,0.00000,0.00000,0.00000,0.00000,0.06553,0.00000,0.00000,0.27955,0.00683,0.00844,0.20091
92.0,0.08804,0.01671,0.01852,0.24426,0.00000,0.00000,0.00000,0.00000,0.12528,0.00000,0.00000,0.00000,0.00000,0.00000,0.00000,0.00000,0.00000,0.00000,0.18276,0.79522,0.02624,0.00000,0.00000,0.00374,0.00000,0.00000,0.00000,0.00000,0.00000,0.00000,0.00000,0.06299,0.00000,0.00000,0.26510,0.00646,0.00791,0.18836
92.5,0.08907,0.01511,0.01980,0.22995,0.00000,0.00000,0.00000,0.00000,0.12533,0.00000,0.00000,0.00000,0.00000,0.00000,0.00000,0.00000,0.00000,0.00000,0.18148,0.79906,0.02568,0.00000,0.00000,0.00411,0.00000,0.00000,0.00000,0.00000,0.00000,0.00000,0.00000,0.06048,0.00000,0.00000,0.25115,0.00612,0.00744,0.17748
93.0,0.09037,0.01339,0.02138,0.21741,0.00000,0.00000,0.00000,0.00000,0.12543,0.00000,0.00000,0.00000,0.00000,0.00000,0.00000,0.00000,0.00000,0.00000,0.18182,0.80392,0.02483,0.00000,0.00000,0.00454,0.00000,0.00000,0.00000,0.00000,0.00000,0.00000,0.00000,0.05799,0.00000,0.00000,0.23818,0.00579,0.00697,0.16827
93.5,0.09198,0.01162,0.02368,0.20663,0.00000,0.00000,0.00000,0.00000,0.12555,0.00000,0.00000,0.00000,0.00000,0.00000,0.00000,0.00000,0.00000,0.00000,0.18404,0.80985,0.02376,0.00000,0.00000,0.00503,0.00000,0.00000,0.00000,0.00000,0.00000,0.00000,0.00000,0.05558,0.00000,0.00000,0.22613,0.00559,0.00656,0.15987
94.0,0.09384,0.00980,0.02664,0.19845,0.00000,0.00000,0.00000,0.00000,0.12572,0.00000,0.00000,0.00000,0.00000,0.00000,0.00000,0.00000,0.00000,0.00000,0.18816,0.81730,0.02238,0.00000,0.00000,0.00560,0.00000,0.00000,0.00000,0.00000,0.00000,0.00000,0.00000,0.05325,0.00000,0.00000,0.21485,0.00527,0.00622,0.15391
94.5,0.09596,0.00793,0.03055,0.19106,0.00000,0.00000,0.00000,0.00000,0.12598,0.00000,0.00000,0.00000,0.00000,0.00000,0.00000,0.00000,0.00000,0.00000,0.19433,0.82627,0.02064,0.00000,0.00000,0.00627,0.00000,0.00000,0.00000,0.00000,0.00000,0.00000,0.00000,0.05108,0.00000,0.00000,0.20451,0.00508,0.00600,0.14788
95.0,0.09845,0.00603,0.03541,0.18530,0.00000,0.00000,0.00000,0.00000,0.12639,0.00000,0.00000,0.00000,0.00000,0.00000,0.00000,0.00000,0.00000,0.00000,0.20267,0.83673,0.01860,0.00000,0.00000,0.00705,0.00000,0.00000,0.00000,0.00000,0.00000,0.00000,0.00000,0.04903,0.00000,0.00000,0.19509,0.00488,0.00592,0.14420
95.5,0.10120,0.00404,0.04230,0.17587,0.00000,0.00000,0.00000,0.00000,0.12674,0.00000,0.00000,0.00000,0.00000,0.00000,0.00000,0.00000,0.00000,0.00000,0.21328,0.84900,0.01723,0.00000,0.00012,0.00780,0.00000,0.00000,0.00000,0.00000,0.00000,0.00000,0.00000,0.04719,0.00000,0.00000,0.18665,0.00467,0.00589,0.13632
96.0,0.10431,0.00202,0.04674,0.16883,0.00000,0.00000,0.00000,0.00000,0.12706,0.00000,0.00000,0.00000,0.00000,0.00000,0.00000,0.00000,0.00000,0.00000,0.22660,0.86005,0.01600,0.00000,0.00011,0.00868,0.00000,0.00000,0.00000,0.00000,0.00000,0.00000,0.00000,0.04542,0.00000,0.00000,0.17915,0.00460,0.00605,0.13153
96.5,0.10757,0.00000,0.05011,0.16316,0.00000,0.00000,0.00000,0.00000,0.12744,0.00000,0.00000,0.00000,0.00000,0.00000,0.00000,0.00000,0.00000,0.00000,0.24253,0.87207,0.01478,0.00000,0.00000,0.00971,0.00000,0.00000,0.00000,0.00000,0.00000,0.00000,0.00000,0.04357,0.00000,0.00000,0.17268,0.00436,0.00627,0.12730
97.0,0.10968,0.00000,0.05375,0.09302,0.00000,0.00000,0.00000,0.00000,0.12838,0.00000,0.00000,0.00000,0.00000,0.00000,0.00000,0.00000,0.00000,0.00000,0.26508,0.86826,0.01299,0.00000,0.00000,0.01324,0.00000,0.00000,0.00000,0.00000,0.00000,0.00000,0.00000,0.04195,0.00000,0.00000,0.16717,0.00427,0.00660,0.09882
97.5,0.11180,0.00000,0.05743,0.03973,0.00000,0.00000,0.00000,0.00000,0.12943,0.00000,0.00000,0.00000,0.00000,0.00000,0.00000,0.00000,0.00000,0.00000,0.28961,0.86590,0.01135,0.00000,0.00000,0.01696,0.00000,0.00000,0.00000,0.00000,0.00000,0.00000,0.00000,0.04060,0.00000,0.00000,0.16254,0.00416,0.00711,0.07626
98.0,0.11399,0.00000,0.06083,0.00235,0.00000,0.00000,0.00000,0.00000,0.13068,0.00000,0.00000,0.00000,0.00000,0.00000,0.00000,0.00000,0.00000,0.00000,0.31589,0.86533,0.00978,0.00000,0.00000,0.02080,0.00000,0.00000,0.00000,0.00000,0.00000,0.00000,0.00000,0.03949,0.00000,0.00000,0.15884,0.00403,0.00771,0.05941
98.5,0.11610,0.00000,0.06436,0.00000,0.00000,0.00000,0.00000,0.00000,0.13193,0.00000,0.00000,0.00000,0.00000,0.00000,0.00000,0.00000,0.00000,0.00000,0.34367,0.86482,0.00838,0.00000,0.00000,0.02483,0.00000,0.00000,0.00000,0.00000,0.00000,0.00000,0.00000,0.03860,0.00000,0.00000,0.15603,0.00387,0.00840,0.04656
99.0,0.11823,0.00000,0.06759,0.00000,0.00000,0.00000,0.00000,0.00000,0.13333,0.00000,0.00000,0.00000,0.00000,0.00000,0.00000,0.00000,0.00000,0.00000,0.37255,0.86516,0.00704,0.00000,0.00000,0.02885,0.00000,0.00000,0.00000,0.00000,0.00000,0.00000,0.00000,0.03788,0.00000,0.00000,0.15378,0.00367,0.00916,0.04206
99.5,0.12038,0.00000,0.07055,0.00000,0.00000,0.00000,0.00000,0.00000,0.13468,0.00000,0.00000,0.00000,0.00000,0.00000,0.00000,0.00000,0.00000,0.00000,0.40208,0.86677,0.00590,0.00000,0.00000,0.03275,0.00000,0.00000,0.00000,0.00000,0.00000,0.00000,0.00000,0.03740,0.00000,0.00000,0.15241,0.00319,0.01000,0.03891
100.0,0.12463,0.00000,0.07838,0.00000,0.00000,0.00000,0.00000,0.00000,0.15132,0.00000,0.00000,0.00000,0.00000,0.00000,0.00000,0.00000,0.00000,0.00000,0.45566,0.92005,0.00471,0.00000,0.00000,0.03830,0.00000,0.00000,0.00000,0.00000,0.00000,0.00000,0.00000,0.03903,0.00000,0.00000,0.14354,0.00203,0.01153,0.03197
