# kaynak veri/u_swing_v2.csv; grup tepe zamanlari: kalca fleksor %68.5 (toplam 7.851) | diz ekstansor %66.5 (toplam 1.431) | diz fleksor %76.0 (toplam 0.502) | kalca ekstansor %65.0 (toplam 0.883) | bilek dorsifleksor %85.5 (toplam 1.197) | bilek plantarfleksor %87.0 (toplam 1.444)
# dogrulama_salinim.png kaynak verisi
gait_pct,a_BFp,a_TFL,a_RF,a_IP,a_GMe,a_OE,a_Pop,a_STp,a_BFa,a_GMa,a_TA,a_FDL,a_CF,grup_kalca_fleksor,grup_diz_ekstansor,grup_diz_fleksor,grup_kalca_ekstansor,grup_bilek_dorsifleksor,grup_bilek_plantarfleksor
65,0.01281,0.0087,0.04312,0.07245,0.00649,0.02162,0.00538,0.00468,0.00369,0.03271,0.01242,0.00431,0,0.16347,0.04312,0.00828,0.01749,0.01739,0.00721
65.5,0.01225,0.00856,0.04341,0.0734,0.00677,0.02228,0.00556,0.00505,0.0055,0.0329,0.01248,0.00411,0,0.16504,0.04341,0.00822,0.0173,0.01781,0.00677
66,0.01169,0.00842,0.04358,0.07427,0.00704,0.02294,0.00575,0.00545,0.00744,0.03308,0.01253,0.00392,0,0.16639,0.04358,0.00819,0.01714,0.01805,0.00636
66.5,0.01113,0.00828,0.04361,0.07514,0.00729,0.02363,0.00595,0.00591,0.00939,0.03321,0.01256,0.0038,0,0.16753,0.04361,0.00821,0.01704,0.01823,0.00606
67,0.01057,0.00814,0.04354,0.07583,0.00753,0.02428,0.00616,0.00641,0.01146,0.03335,0.01251,0.0038,0,0.16839,0.04354,0.00833,0.01698,0.01837,0.00597
67.5,0.01,0.00798,0.04346,0.0763,0.00775,0.02491,0.00638,0.00708,0.01367,0.03358,0.01246,0.00381,0,0.16907,0.04346,0.00846,0.01708,0.01848,0.00589
68,0.00941,0.00783,0.04313,0.07668,0.00802,0.02549,0.0066,0.00778,0.01596,0.0337,0.0124,0.00383,0,0.16936,0.04313,0.00862,0.01719,0.01856,0.00585
68.5,0.00883,0.00767,0.04272,0.07691,0.00827,0.02604,0.00683,0.00844,0.01834,0.03384,0.01235,0.00387,0,0.16941,0.04272,0.00879,0.01727,0.01865,0.00583
69,0.00828,0.00752,0.04223,0.07701,0.00853,0.02655,0.00708,0.00896,0.0208,0.034,0.01231,0.00393,0,0.16929,0.04223,0.009,0.01724,0.01871,0.00585
69.5,0.00777,0.00736,0.04157,0.07693,0.00881,0.02698,0.00733,0.00944,0.02322,0.03414,0.0123,0.0039,0,0.16881,0.04157,0.00923,0.01721,0.01878,0.0058
70,0.00728,0.00721,0.04082,0.07665,0.00907,0.02733,0.00759,0.00988,0.02565,0.03428,0.0123,0.00385,0,0.16803,0.04082,0.00949,0.01716,0.01883,0.00575
70.5,0.0068,0.00706,0.04001,0.07622,0.00932,0.02761,0.00787,0.01026,0.02811,0.03447,0.01232,0.00383,0,0.16708,0.04001,0.00978,0.01706,0.01888,0.00574
71,0.00635,0.00692,0.03915,0.07567,0.00955,0.02781,0.00817,0.0106,0.03056,0.03472,0.01236,0.00383,0,0.16601,0.03915,0.01009,0.01695,0.0189,0.00575
71.5,0.00592,0.00679,0.03825,0.07503,0.00975,0.02795,0.0085,0.01089,0.03299,0.03503,0.01243,0.00387,0,0.16485,0.03825,0.01041,0.01681,0.01894,0.00578
72,0.0055,0.00666,0.03733,0.07427,0.00972,0.02805,0.00885,0.01113,0.03539,0.03537,0.0125,0.00394,0,0.16335,0.03733,0.01076,0.01663,0.01895,0.00585
72.5,0.00512,0.00653,0.03635,0.07334,0.00962,0.02805,0.00922,0.01121,0.03773,0.03576,0.01258,0.00404,0,0.1616,0.03635,0.01114,0.01633,0.01894,0.00596
73,0.00474,0.00643,0.03535,0.07247,0.00949,0.02801,0.00965,0.01136,0.03998,0.03621,0.01267,0.0042,0,0.15995,0.03535,0.01159,0.0161,0.01896,0.00614
73.5,0.00439,0.00634,0.03431,0.0716,0.00933,0.0279,0.01014,0.01149,0.04213,0.03673,0.01277,0.00444,0,0.15831,0.03431,0.01207,0.01588,0.01911,0.00637
74,0.00405,0.00626,0.03322,0.07071,0.00913,0.02772,0.01069,0.01158,0.04416,0.03729,0.01286,0.00474,0,0.15661,0.03322,0.01262,0.01563,0.01922,0.00667
74.5,0.00372,0.00618,0.03207,0.06977,0.00888,0.02744,0.0116,0.01164,0.04604,0.03786,0.01294,0.00508,0,0.15476,0.03207,0.01356,0.01536,0.01929,0.00704
75,0.00341,0.00613,0.03088,0.06892,0.00861,0.02712,0.01216,0.01168,0.04779,0.03848,0.01301,0.00548,0,0.15302,0.03088,0.01417,0.01509,0.01931,0.00749
75.5,0.00314,0.00608,0.02965,0.06817,0.00831,0.02676,0.01241,0.01172,0.04941,0.03914,0.01306,0.00595,0,0.15135,0.02965,0.01449,0.01486,0.01927,0.00803
76,0.00289,0.00605,0.02838,0.0675,0.00797,0.02635,0.01249,0.01175,0.05089,0.03982,0.01308,0.00648,0,0.14972,0.02838,0.01466,0.01464,0.01916,0.00865
76.5,0.00268,0.00602,0.02707,0.06691,0.00761,0.02589,0.01248,0.01177,0.05222,0.04051,0.0131,0.00709,0,0.14812,0.02707,0.0145,0.01445,0.01901,0.00911
77,0.00249,0.006,0.02572,0.06639,0.00723,0.02538,0.0124,0.01178,0.05342,0.04119,0.01312,0.0078,0,0.14653,0.02572,0.01391,0.01427,0.01883,0.00931
77.5,0.00233,0.00598,0.02433,0.06588,0.0068,0.02481,0.01228,0.01178,0.05445,0.04186,0.01305,0.00856,0,0.14485,0.02433,0.0133,0.01411,0.01848,0.00958
78,0.00219,0.00596,0.02291,0.06538,0.00634,0.02417,0.01211,0.01175,0.05532,0.04249,0.01284,0.00934,0,0.14308,0.02291,0.01264,0.01394,0.01794,0.00987
78.5,0.00208,0.00594,0.02147,0.06486,0.00584,0.02346,0.01191,0.0117,0.05602,0.04308,0.01244,0.01014,0,0.14119,0.02147,0.01193,0.01378,0.01716,0.01019
79,0.00193,0.00589,0.02,0.06404,0.00527,0.0226,0.01164,0.01158,0.05646,0.04354,0.01306,0.01208,0.00048,0.13874,0.02,0.01164,0.01399,0.01696,0.01219
79.5,0.00181,0.00581,0.01853,0.06298,0.00482,0.02181,0.01132,0.01142,0.0567,0.04395,0.01364,0.01456,0.00137,0.13609,0.01853,0.01132,0.0146,0.01628,0.01477
80,0.00169,0.00573,0.01708,0.06181,0.00428,0.02088,0.01097,0.01121,0.05674,0.04425,0.0137,0.01749,0.00187,0.13315,0.01708,0.01097,0.01477,0.01567,0.01781
80.5,0.00159,0.00563,0.0157,0.06065,0.00364,0.01984,0.0106,0.01099,0.05668,0.04452,0.01417,0.02045,0.0023,0.13014,0.0157,0.0106,0.01488,0.01609,0.02085
81,0.00153,0.00553,0.01446,0.05948,0.00288,0.01872,0.01024,0.01077,0.05677,0.04497,0.01482,0.0234,0.00271,0.12732,0.01446,0.01024,0.01501,0.01676,0.02387
81.5,0.00148,0.00541,0.01326,0.05817,0.00209,0.01753,0.00984,0.01051,0.05666,0.0453,0.0155,0.02631,0.00307,0.12423,0.01326,0.00984,0.01506,0.01746,0.02685
82,0.00146,0.00527,0.01212,0.05672,0.00128,0.01629,0.00942,0.01021,0.05638,0.04555,0.01615,0.02912,0.00331,0.12094,0.01212,0.00942,0.01498,0.01815,0.02972
82.5,0.00145,0.00512,0.01105,0.05516,0.00047,0.01503,0.00899,0.00989,0.05603,0.04581,0.01675,0.0318,0.00354,0.11761,0.01105,0.00899,0.01488,0.01878,0.03245
83,0.00149,0.00483,0.01017,0.05322,0,0.01445,0.00851,0.00948,0.05569,0.04578,0.01726,0.0343,0.0041,0.114,0.01017,0.00851,0.01507,0.01931,0.035
83.5,0.00155,0.00439,0.00941,0.05109,0,0.01481,0.008,0.00899,0.05507,0.04509,0.01769,0.03657,0.00408,0.10998,0.00941,0.008,0.01462,0.01975,0.03731
84,0.00163,0.00393,0.00869,0.04894,0,0.01511,0.00749,0.00861,0.05418,0.04419,0.01802,0.03859,0.00376,0.10575,0.00869,0.00749,0.014,0.02009,0.03936
84.5,0.00174,0.00347,0.00802,0.04672,0,0.01535,0.00699,0.00811,0.05306,0.04312,0.01825,0.04031,0.00375,0.10133,0.00802,0.00699,0.0136,0.02031,0.04111
85,0.00186,0.00299,0.00739,0.04443,0,0.01552,0.00649,0.00759,0.05171,0.04185,0.01838,0.04172,0.00372,0.09666,0.00739,0.00649,0.01317,0.02042,0.04253
85.5,0.00197,0.00248,0.0069,0.04208,0,0.01579,0.00603,0.00708,0.05048,0.04063,0.01842,0.04279,0.00506,0.09209,0.0069,0.00603,0.01411,0.02043,0.04361
86,0.00209,0.00199,0.00645,0.03994,0,0.016,0.00559,0.00661,0.04919,0.03936,0.01835,0.0435,0.00512,0.08774,0.00645,0.00559,0.01382,0.02032,0.04433
86.5,0.00225,0.00154,0.00604,0.03808,0,0.01616,0.0052,0.00618,0.04788,0.03808,0.01819,0.04385,0.00372,0.08374,0.00604,0.0052,0.01215,0.02011,0.04467
87,0.00242,0.00105,0.00569,0.03604,0,0.01628,0.00481,0.00575,0.04647,0.03668,0.01797,0.04392,0.00358,0.07946,0.00569,0.00481,0.01175,0.01983,0.04474
87.5,0.0026,0.00058,0.00539,0.03404,0,0.01635,0.00444,0.00533,0.04502,0.03523,0.01772,0.04386,0.00345,0.07524,0.00539,0.00444,0.01138,0.01955,0.04467
88,0.00277,0.00011,0.00514,0.03209,0,0.01637,0.00409,0.00493,0.04357,0.03376,0.0174,0.04346,0.00334,0.0711,0.00514,0.00409,0.01104,0.01918,0.04425
88.5,0.00295,0,0.00495,0.03016,0,0.01641,0.00376,0.00456,0.04215,0.03227,0.01701,0.04274,0.00318,0.06738,0.00495,0.00376,0.01069,0.01873,0.04351
89,0.00313,0,0.00482,0.02833,0,0.01644,0.00346,0.00421,0.0408,0.03079,0.01657,0.04172,0.00298,0.06394,0.00482,0.00346,0.01032,0.01822,0.04246
89.5,0.0033,0,0.00474,0.02663,0,0.01645,0.00319,0.00389,0.03954,0.02935,0.01611,0.04052,0.00286,0.06072,0.00474,0.00319,0.01005,0.01769,0.04124
90,0.00346,0,0.0047,0.02506,0,0.01647,0.00295,0.00361,0.03838,0.02798,0.01564,0.03919,0.00277,0.05774,0.0047,0.00295,0.00984,0.01715,0.03988
90.5,0.00357,0,0.00473,0.02363,0,0.01653,0.00273,0.00335,0.03741,0.02671,0.01515,0.03768,0.00265,0.05507,0.00473,0.00273,0.00957,0.01658,0.03834
91,0.00342,0,0.00481,0.02238,0,0.0166,0.00254,0.00311,0.03657,0.02551,0.01463,0.03601,0.00257,0.0527,0.00481,0.00254,0.0091,0.01598,0.03663
91.5,0.00317,0,0.00498,0.02133,0,0.01681,0.00237,0.0029,0.03602,0.02446,0.01409,0.0342,0.00251,0.05077,0.00498,0.00237,0.00858,0.01537,0.03479
92,0.0029,0,0.00519,0.02048,0,0.01704,0.00223,0.00271,0.03563,0.02349,0.01356,0.0321,0.00248,0.04916,0.00519,0.00223,0.00809,0.01476,0.03265
92.5,0.00263,0,0.00544,0.01984,0,0.0173,0.00211,0.00256,0.03536,0.0226,0.01304,0.02999,0.0025,0.04788,0.00544,0.00211,0.00769,0.01417,0.0305
93,0.00234,0,0.00573,0.01942,0,0.01759,0.00201,0.00243,0.03523,0.02179,0.01253,0.02795,0.00254,0.04694,0.00573,0.00201,0.00731,0.01359,0.02842
93.5,0.00204,0,0.00605,0.01923,0,0.01791,0.00192,0.00232,0.03525,0.02105,0.01204,0.02599,0.00263,0.04633,0.00605,0.00192,0.00699,0.01304,0.02643
94,0.00173,0,0.00642,0.01926,0,0.01827,0.00186,0.00224,0.03539,0.02038,0.01157,0.02411,0.00275,0.04606,0.00642,0.00186,0.00672,0.01252,0.02451
94.5,0.00141,0,0.00683,0.01951,0,0.01867,0.0018,0.00217,0.03565,0.01978,0.01114,0.02234,0.00292,0.04612,0.00683,0.0018,0.0065,0.01206,0.02271
95,0.00108,0,0.00729,0.01998,0,0.01911,0.00177,0.00212,0.03606,0.01925,0.01074,0.02069,0.00313,0.04652,0.00729,0.00177,0.00633,0.01165,0.02103
95.5,0.00073,0,0.00766,0.0204,0,0.0195,0.00169,0.00203,0.0362,0.0184,0.01039,0.01917,0.00337,0.04646,0.00766,0.00169,0.00614,0.0113,0.01948
96,0.00037,0,0.00809,0.02114,0,0.01985,0.00165,0.00197,0.03656,0.0178,0.01006,0.01778,0.00353,0.04703,0.00809,0.00165,0.00588,0.011,0.01807
96.5,0,0,0.00858,0.02217,0,0.02022,0.00162,0.00193,0.03707,0.01738,0.00972,0.01653,0.00367,0.04813,0.00858,0.00162,0.0056,0.0107,0.01679
97,0,0,0.01109,0.02382,0,0.02022,0.00128,0.00112,0.03725,0.01714,0.00944,0.01541,0.00386,0.05205,0.01109,0.00128,0.00498,0.01048,0.01565
97.5,0,0,0.01346,0.02564,0,0.02025,0.00101,0.00049,0.03749,0.01698,0.00923,0.01441,0.00407,0.05608,0.01346,0.00101,0.00456,0.01036,0.01463
98,0,0,0.01563,0.0276,0,0.02032,0.00081,3e-05,0.03779,0.01689,0.00909,0.01353,0.00427,0.06012,0.01563,0.00081,0.0043,0.01033,0.01373
98.5,0,0,0.01766,0.02967,0,0.02039,0.00066,0,0.03809,0.01683,0.00902,0.01276,0.00448,0.06416,0.01766,0.00066,0.00448,0.01039,0.01294
99,0,0,0.01909,0.03181,0,0.02048,0.00063,0,0.03842,0.01681,0.00902,0.01207,0.00468,0.06771,0.01909,0.00063,0.00468,0.01054,0.01223
99.5,0,0,0.0203,0.03398,0,0.0206,0.00062,0,0.03877,0.0168,0.00912,0.01148,0.00487,0.07108,0.0203,0.00062,0.00487,0.01082,0.01161
100,0,0,0.0232,0.03831,0,0.02191,0.00052,0,0.03997,0.01877,0.00966,0.01059,0.0054,0.08028,0.0232,0.00052,0.0054,0.01165,0.01067
