# OpenSim computeMomentArm, model/rat_hindlimb_faz1a.osim, poz cl_grid3d FIX (kalca 39.94 derece); panel b sarma kumesi bosaltilarak olculdu
# dogrulama_momentkolu.png kaynak verisi
panel,x_derece,kas,r_mm
a_diz_suprusu,-155.000,RF,4.6704
a_diz_suprusu,-155.000,VL,4.9111
a_diz_suprusu,-155.000,VI,4.8676
a_diz_suprusu,-155.000,VM,4.7195
a_diz_suprusu,-155.000,SM,-7.7452
a_diz_suprusu,-155.000,STa,-16.8195
a_diz_suprusu,-155.000,STp,-17.6537
a_diz_suprusu,-155.000,BFp,-14.9412
a_diz_suprusu,-155.000,GP,-13.8559
a_diz_suprusu,-155.000,GA,-11.9397
a_diz_suprusu,-155.000,Pla,-0.1012
a_diz_suprusu,-155.000,MG,0.5348
a_diz_suprusu,-155.000,LG,0.9446
a_diz_suprusu,-155.000,Pop,1.8236
a_diz_suprusu,-153.898,RF,4.1891
a_diz_suprusu,-153.898,VL,4.4197
a_diz_suprusu,-153.898,VI,4.3776
a_diz_suprusu,-153.898,VM,4.2354
a_diz_suprusu,-153.898,SM,-7.1091
a_diz_suprusu,-153.898,STa,-16.3343
a_diz_suprusu,-153.898,STp,-17.2918
a_diz_suprusu,-153.898,BFp,-14.6243
a_diz_suprusu,-153.898,GP,-13.3809
a_diz_suprusu,-153.898,GA,-11.4528
a_diz_suprusu,-153.898,Pla,-0.8608
a_diz_suprusu,-153.898,MG,-0.2135
a_diz_suprusu,-153.898,LG,0.1960
a_diz_suprusu,-153.898,Pop,1.1132
a_diz_suprusu,-152.797,RF,3.7212
a_diz_suprusu,-152.797,VL,3.9416
a_diz_suprusu,-152.797,VI,3.9013
a_diz_suprusu,-152.797,VM,3.7649
a_diz_suprusu,-152.797,SM,-6.4770
a_diz_suprusu,-152.797,STa,-15.9494
a_diz_suprusu,-152.797,STp,-16.9363
a_diz_suprusu,-152.797,BFp,-14.3037
a_diz_suprusu,-152.797,GP,-12.9094
a_diz_suprusu,-152.797,GA,-10.9718
a_diz_suprusu,-152.797,Pla,-1.6224
a_diz_suprusu,-152.797,MG,-0.9645
a_diz_suprusu,-152.797,LG,-0.5558
a_diz_suprusu,-152.797,Pop,0.4002
a_diz_suprusu,-151.695,RF,3.2649
a_diz_suprusu,-151.695,VL,3.4753
a_diz_suprusu,-151.695,VI,3.4367
a_diz_suprusu,-151.695,VM,3.3060
a_diz_suprusu,-151.695,SM,-5.8492
a_diz_suprusu,-151.695,STa,-15.5705
a_diz_suprusu,-151.695,STp,-16.5874
a_diz_suprusu,-151.695,BFp,-13.9842
a_diz_suprusu,-151.695,GP,-12.4419
a_diz_suprusu,-151.695,GA,-10.4972
a_diz_suprusu,-151.695,Pla,-2.3850
a_diz_suprusu,-151.695,MG,-1.7174
a_diz_suprusu,-151.695,LG,-1.3098
a_diz_suprusu,-151.695,Pop,-0.3148
a_diz_suprusu,-150.593,RF,2.8179
a_diz_suprusu,-150.593,VL,3.0193
a_diz_suprusu,-150.593,VI,2.9817
a_diz_suprusu,-150.593,VM,2.8566
a_diz_suprusu,-150.593,SM,-5.2260
a_diz_suprusu,-150.593,STa,-15.1978
a_diz_suprusu,-150.593,STp,-16.2455
a_diz_suprusu,-150.593,BFp,-13.6608
a_diz_suprusu,-150.593,GP,-11.9786
a_diz_suprusu,-150.593,GA,-10.0297
a_diz_suprusu,-150.593,Pla,-3.1478
a_diz_suprusu,-150.593,MG,-2.4713
a_diz_suprusu,-150.593,LG,-2.0653
a_diz_suprusu,-150.593,Pop,-1.0317
a_diz_suprusu,-149.492,RF,2.6108
a_diz_suprusu,-149.492,VL,2.7989
a_diz_suprusu,-149.492,VI,2.7639
a_diz_suprusu,-149.492,VM,2.6466
a_diz_suprusu,-149.492,SM,-4.8836
a_diz_suprusu,-149.492,STa,-15.0506
a_diz_suprusu,-149.492,STp,-16.0766
a_diz_suprusu,-149.492,BFp,-12.9498
a_diz_suprusu,-149.492,GP,-11.7724
a_diz_suprusu,-149.492,GA,-9.7885
a_diz_suprusu,-149.492,Pla,-3.5712
a_diz_suprusu,-149.492,MG,-2.8884
a_diz_suprusu,-149.492,LG,-2.4833
a_diz_suprusu,-149.492,Pop,-1.4301
a_diz_suprusu,-148.390,RF,2.6751
a_diz_suprusu,-148.390,VL,2.8462
a_diz_suprusu,-148.390,VI,2.8146
a_diz_suprusu,-148.390,VM,2.7076
a_diz_suprusu,-148.390,SM,-4.8624
a_diz_suprusu,-148.390,STa,-15.1544
a_diz_suprusu,-148.390,STp,-16.0989
a_diz_suprusu,-148.390,BFp,-12.9423
a_diz_suprusu,-148.390,GP,-11.8567
a_diz_suprusu,-148.390,GA,-9.8022
a_diz_suprusu,-148.390,Pla,-3.5994
a_diz_suprusu,-148.390,MG,-2.9129
a_diz_suprusu,-148.390,LG,-2.5074
a_diz_suprusu,-148.390,Pop,-1.4544
a_diz_suprusu,-147.288,RF,2.7367
a_diz_suprusu,-147.288,VL,2.8920
a_diz_suprusu,-147.288,VI,2.8635
a_diz_suprusu,-147.288,VM,2.7661
a_diz_suprusu,-147.288,SM,-4.8385
a_diz_suprusu,-147.288,STa,-15.2491
a_diz_suprusu,-147.288,STp,-16.1151
a_diz_suprusu,-147.288,BFp,-13.0641
a_diz_suprusu,-147.288,GP,-11.9341
a_diz_suprusu,-147.288,GA,-9.8123
a_diz_suprusu,-147.288,Pla,-3.6282
a_diz_suprusu,-147.288,MG,-2.9383
a_diz_suprusu,-147.288,LG,-2.5327
a_diz_suprusu,-147.288,Pop,-1.4774
a_diz_suprusu,-146.186,RF,2.7956
a_diz_suprusu,-146.186,VL,2.9362
a_diz_suprusu,-146.186,VI,2.9106
a_diz_suprusu,-146.186,VM,2.8223
a_diz_suprusu,-146.186,SM,-4.8122
a_diz_suprusu,-146.186,STa,-15.3352
a_diz_suprusu,-146.186,STp,-16.1253
a_diz_suprusu,-146.186,BFp,-13.1746
a_diz_suprusu,-146.186,GP,-12.0047
a_diz_suprusu,-146.186,GA,-9.8191
a_diz_suprusu,-146.186,Pla,-3.6576
a_diz_suprusu,-146.186,MG,-2.9645
a_diz_suprusu,-146.186,LG,-2.5589
a_diz_suprusu,-146.186,Pop,-1.4992
a_diz_suprusu,-145.085,RF,2.8520
a_diz_suprusu,-145.085,VL,2.9789
a_diz_suprusu,-145.085,VI,2.9560
a_diz_suprusu,-145.085,VM,2.8761
a_diz_suprusu,-145.085,SM,-4.7837
a_diz_suprusu,-145.085,STa,-15.4128
a_diz_suprusu,-145.085,STp,-16.1296
a_diz_suprusu,-145.085,BFp,-13.2745
a_diz_suprusu,-145.085,GP,-12.0690
a_diz_suprusu,-145.085,GA,-9.8229
a_diz_suprusu,-145.085,Pla,-3.6875
a_diz_suprusu,-145.085,MG,-2.9915
a_diz_suprusu,-145.085,LG,-2.5860
a_diz_suprusu,-145.085,Pop,-1.5199
a_diz_suprusu,-143.983,RF,2.9059
a_diz_suprusu,-143.983,VL,3.0200
a_diz_suprusu,-143.983,VI,2.9997
a_diz_suprusu,-143.983,VM,2.9276
a_diz_suprusu,-143.983,SM,-4.7532
a_diz_suprusu,-143.983,STa,-15.4824
a_diz_suprusu,-143.983,STp,-16.1282
a_diz_suprusu,-143.983,BFp,-13.3647
a_diz_suprusu,-143.983,GP,-12.1273
a_diz_suprusu,-143.983,GA,-9.8239
a_diz_suprusu,-143.983,Pla,-3.7176
a_diz_suprusu,-143.983,MG,-3.0189
a_diz_suprusu,-143.983,LG,-2.6138
a_diz_suprusu,-143.983,Pop,-1.5393
a_diz_suprusu,-142.881,RF,2.9575
a_diz_suprusu,-142.881,VL,3.0599
a_diz_suprusu,-142.881,VI,3.0417
a_diz_suprusu,-142.881,VM,2.9770
a_diz_suprusu,-142.881,SM,-4.7208
a_diz_suprusu,-142.881,STa,-15.5442
a_diz_suprusu,-142.881,STp,-16.1214
a_diz_suprusu,-142.881,BFp,-13.4458
a_diz_suprusu,-142.881,GP,-12.1798
a_diz_suprusu,-142.881,GA,-9.8223
a_diz_suprusu,-142.881,Pla,-3.7479
a_diz_suprusu,-142.881,MG,-3.0468
a_diz_suprusu,-142.881,LG,-2.6422
a_diz_suprusu,-142.881,Pop,-1.5575
a_diz_suprusu,-141.780,RF,3.0067
a_diz_suprusu,-141.780,VL,3.0982
a_diz_suprusu,-141.780,VI,3.0822
a_diz_suprusu,-141.780,VM,3.0242
a_diz_suprusu,-141.780,SM,-4.6868
a_diz_suprusu,-141.780,STa,-15.5984
a_diz_suprusu,-141.780,STp,-16.1093
a_diz_suprusu,-141.780,BFp,-13.5182
a_diz_suprusu,-141.780,GP,-12.2269
a_diz_suprusu,-141.780,GA,-9.8182
a_diz_suprusu,-141.780,Pla,-3.7783
a_diz_suprusu,-141.780,MG,-3.0749
a_diz_suprusu,-141.780,LG,-2.6711
a_diz_suprusu,-141.780,Pop,-1.5745
a_diz_suprusu,-140.678,RF,3.0537
a_diz_suprusu,-140.678,VL,3.1353
a_diz_suprusu,-140.678,VI,3.1212
a_diz_suprusu,-140.678,VM,3.0695
a_diz_suprusu,-140.678,SM,-4.6513
a_diz_suprusu,-140.678,STa,-15.6455
a_diz_suprusu,-140.678,STp,-16.0920
a_diz_suprusu,-140.678,BFp,-13.5826
a_diz_suprusu,-140.678,GP,-12.2689
a_diz_suprusu,-140.678,GA,-9.8120
a_diz_suprusu,-140.678,Pla,-3.8084
a_diz_suprusu,-140.678,MG,-3.1032
a_diz_suprusu,-140.678,LG,-2.7002
a_diz_suprusu,-140.678,Pop,-1.5902
a_diz_suprusu,-139.576,RF,3.0988
a_diz_suprusu,-139.576,VL,3.1714
a_diz_suprusu,-139.576,VI,3.1590
a_diz_suprusu,-139.576,VM,3.1129
a_diz_suprusu,-139.576,SM,-4.6146
a_diz_suprusu,-139.576,STa,-15.6855
a_diz_suprusu,-139.576,STp,-16.0698
a_diz_suprusu,-139.576,BFp,-13.6395
a_diz_suprusu,-139.576,GP,-12.3059
a_diz_suprusu,-139.576,GA,-9.8037
a_diz_suprusu,-139.576,Pla,-3.8383
a_diz_suprusu,-139.576,MG,-3.1314
a_diz_suprusu,-139.576,LG,-2.7295
a_diz_suprusu,-139.576,Pop,-1.6044
a_diz_suprusu,-138.475,RF,3.1420
a_diz_suprusu,-138.475,VL,3.2070
a_diz_suprusu,-138.475,VI,3.1961
a_diz_suprusu,-138.475,VM,3.1550
a_diz_suprusu,-138.475,SM,-4.5771
a_diz_suprusu,-138.475,STa,-15.7188
a_diz_suprusu,-138.475,STp,-16.0423
a_diz_suprusu,-138.475,BFp,-13.6893
a_diz_suprusu,-138.475,GP,-12.3388
a_diz_suprusu,-138.475,GA,-9.7940
a_diz_suprusu,-138.475,Pla,-3.8675
a_diz_suprusu,-138.475,MG,-3.1592
a_diz_suprusu,-138.475,LG,-2.7585
a_diz_suprusu,-138.475,Pop,-1.6165
a_diz_suprusu,-137.373,RF,3.1844
a_diz_suprusu,-137.373,VL,3.2425
a_diz_suprusu,-137.373,VI,3.2330
a_diz_suprusu,-137.373,VM,3.1961
a_diz_suprusu,-137.373,SM,-4.5390
a_diz_suprusu,-137.373,STa,-15.7455
a_diz_suprusu,-137.373,STp,-16.0102
a_diz_suprusu,-137.373,BFp,-13.7325
a_diz_suprusu,-137.373,GP,-12.3679
a_diz_suprusu,-137.373,GA,-9.7831
a_diz_suprusu,-137.373,Pla,-3.8958
a_diz_suprusu,-137.373,MG,-3.1864
a_diz_suprusu,-137.373,LG,-2.7871
a_diz_suprusu,-137.373,Pop,-1.6263
a_diz_suprusu,-136.271,RF,3.2254
a_diz_suprusu,-136.271,VL,3.2779
a_diz_suprusu,-136.271,VI,3.2697
a_diz_suprusu,-136.271,VM,3.2363
a_diz_suprusu,-136.271,SM,-4.5005
a_diz_suprusu,-136.271,STa,-15.7658
a_diz_suprusu,-136.271,STp,-15.9734
a_diz_suprusu,-136.271,BFp,-13.7696
a_diz_suprusu,-136.271,GP,-12.3932
a_diz_suprusu,-136.271,GA,-9.7711
a_diz_suprusu,-136.271,Pla,-3.9231
a_diz_suprusu,-136.271,MG,-3.2127
a_diz_suprusu,-136.271,LG,-2.8150
a_diz_suprusu,-136.271,Pop,-1.6337
a_diz_suprusu,-135.169,RF,3.2657
a_diz_suprusu,-135.169,VL,3.3137
a_diz_suprusu,-135.169,VI,3.3063
a_diz_suprusu,-135.169,VM,3.2758
a_diz_suprusu,-135.169,SM,-4.4616
a_diz_suprusu,-135.169,STa,-15.7798
a_diz_suprusu,-135.169,STp,-15.9317
a_diz_suprusu,-135.169,BFp,-13.8009
a_diz_suprusu,-135.169,GP,-12.4150
a_diz_suprusu,-135.169,GA,-9.7579
a_diz_suprusu,-135.169,Pla,-3.9490
a_diz_suprusu,-135.169,MG,-3.2380
a_diz_suprusu,-135.169,LG,-2.8421
a_diz_suprusu,-135.169,Pop,-1.6388
a_diz_suprusu,-134.068,RF,3.3052
a_diz_suprusu,-134.068,VL,3.3499
a_diz_suprusu,-134.068,VI,3.3431
a_diz_suprusu,-134.068,VM,3.3148
a_diz_suprusu,-134.068,SM,-4.4224
a_diz_suprusu,-134.068,STa,-15.7878
a_diz_suprusu,-134.068,STp,-15.8856
a_diz_suprusu,-134.068,BFp,-13.8267
a_diz_suprusu,-134.068,GP,-12.4334
a_diz_suprusu,-134.068,GA,-9.7437
a_diz_suprusu,-134.068,Pla,-3.9734
a_diz_suprusu,-134.068,MG,-3.2621
a_diz_suprusu,-134.068,LG,-2.8681
a_diz_suprusu,-134.068,Pop,-1.6415
a_diz_suprusu,-132.966,RF,3.3442
a_diz_suprusu,-132.966,VL,3.3865
a_diz_suprusu,-132.966,VI,3.3802
a_diz_suprusu,-132.966,VM,3.3533
a_diz_suprusu,-132.966,SM,-4.3830
a_diz_suprusu,-132.966,STa,-15.7898
a_diz_suprusu,-132.966,STp,-15.8343
a_diz_suprusu,-132.966,BFp,-13.8473
a_diz_suprusu,-132.966,GP,-12.4484
a_diz_suprusu,-132.966,GA,-9.7284
a_diz_suprusu,-132.966,Pla,-3.9962
a_diz_suprusu,-132.966,MG,-3.2847
a_diz_suprusu,-132.966,LG,-2.8928
a_diz_suprusu,-132.966,Pop,-1.6417
a_diz_suprusu,-131.864,RF,3.3826
a_diz_suprusu,-131.864,VL,3.4238
a_diz_suprusu,-131.864,VI,3.4177
a_diz_suprusu,-131.864,VM,3.3915
a_diz_suprusu,-131.864,SM,-4.3434
a_diz_suprusu,-131.864,STa,-15.7860
a_diz_suprusu,-131.864,STp,-15.7785
a_diz_suprusu,-131.864,BFp,-13.8631
a_diz_suprusu,-131.864,GP,-12.4603
a_diz_suprusu,-131.864,GA,-9.7120
a_diz_suprusu,-131.864,Pla,-4.0171
a_diz_suprusu,-131.864,MG,-3.3056
a_diz_suprusu,-131.864,LG,-2.9160
a_diz_suprusu,-131.864,Pop,-1.6395
a_diz_suprusu,-130.763,RF,3.4208
a_diz_suprusu,-130.763,VL,3.4618
a_diz_suprusu,-130.763,VI,3.4558
a_diz_suprusu,-130.763,VM,3.4296
a_diz_suprusu,-130.763,SM,-4.3037
a_diz_suprusu,-130.763,STa,-15.7765
a_diz_suprusu,-130.763,STp,-15.7194
a_diz_suprusu,-130.763,BFp,-13.8743
a_diz_suprusu,-130.763,GP,-12.4690
a_diz_suprusu,-130.763,GA,-9.6946
a_diz_suprusu,-130.763,Pla,-4.0358
a_diz_suprusu,-130.763,MG,-3.3247
a_diz_suprusu,-130.763,LG,-2.9376
a_diz_suprusu,-130.763,Pop,-1.6349
a_diz_suprusu,-129.661,RF,3.4587
a_diz_suprusu,-129.661,VL,3.5006
a_diz_suprusu,-129.661,VI,3.4944
a_diz_suprusu,-129.661,VM,3.4676
a_diz_suprusu,-129.661,SM,-4.2638
a_diz_suprusu,-129.661,STa,-15.7614
a_diz_suprusu,-129.661,STp,-15.6543
a_diz_suprusu,-129.661,BFp,-13.8812
a_diz_suprusu,-129.661,GP,-12.4747
a_diz_suprusu,-129.661,GA,-9.6761
a_diz_suprusu,-129.661,Pla,-4.0524
a_diz_suprusu,-129.661,MG,-3.3418
a_diz_suprusu,-129.661,LG,-2.9572
a_diz_suprusu,-129.661,Pop,-1.6280
a_diz_suprusu,-128.559,RF,3.4945
a_diz_suprusu,-128.559,VL,3.5371
a_diz_suprusu,-128.559,VI,3.5307
a_diz_suprusu,-128.559,VM,3.5036
a_diz_suprusu,-128.559,SM,-4.2226
a_diz_suprusu,-128.559,STa,-15.7415
a_diz_suprusu,-128.559,STp,-15.5858
a_diz_suprusu,-128.559,BFp,-13.8834
a_diz_suprusu,-128.559,GP,-12.4757
a_diz_suprusu,-128.559,GA,-9.6545
a_diz_suprusu,-128.559,Pla,-4.0674
a_diz_suprusu,-128.559,MG,-3.3577
a_diz_suprusu,-128.559,LG,-2.9758
a_diz_suprusu,-128.559,Pop,-1.6215
a_diz_suprusu,-127.458,RF,3.5277
a_diz_suprusu,-127.458,VL,3.5705
a_diz_suprusu,-127.458,VI,3.5641
a_diz_suprusu,-127.458,VM,3.5368
a_diz_suprusu,-127.458,SM,-4.1798
a_diz_suprusu,-127.458,STa,-15.7170
a_diz_suprusu,-127.458,STp,-15.5144
a_diz_suprusu,-127.458,BFp,-13.8812
a_diz_suprusu,-127.458,GP,-12.4717
a_diz_suprusu,-127.458,GA,-9.6296
a_diz_suprusu,-127.458,Pla,-4.0812
a_diz_suprusu,-127.458,MG,-3.3724
a_diz_suprusu,-127.458,LG,-2.9934
a_diz_suprusu,-127.458,Pop,-1.6160
a_diz_suprusu,-126.356,RF,3.5585
a_diz_suprusu,-126.356,VL,3.6009
a_diz_suprusu,-126.356,VI,3.5946
a_diz_suprusu,-126.356,VM,3.5675
a_diz_suprusu,-126.356,SM,-4.1358
a_diz_suprusu,-126.356,STa,-15.6885
a_diz_suprusu,-126.356,STp,-15.4402
a_diz_suprusu,-126.356,BFp,-13.8747
a_diz_suprusu,-126.356,GP,-12.4629
a_diz_suprusu,-126.356,GA,-9.6015
a_diz_suprusu,-126.356,Pla,-4.0936
a_diz_suprusu,-126.356,MG,-3.3860
a_diz_suprusu,-126.356,LG,-3.0099
a_diz_suprusu,-126.356,Pop,-1.6114
a_diz_suprusu,-125.254,RF,3.5870
a_diz_suprusu,-125.254,VL,3.6285
a_diz_suprusu,-125.254,VI,3.6224
a_diz_suprusu,-125.254,VM,3.5958
a_diz_suprusu,-125.254,SM,-4.0907
a_diz_suprusu,-125.254,STa,-15.6560
a_diz_suprusu,-125.254,STp,-15.3636
a_diz_suprusu,-125.254,BFp,-13.8641
a_diz_suprusu,-125.254,GP,-12.4495
a_diz_suprusu,-125.254,GA,-9.5706
a_diz_suprusu,-125.254,Pla,-4.1044
a_diz_suprusu,-125.254,MG,-3.3983
a_diz_suprusu,-125.254,LG,-3.0253
a_diz_suprusu,-125.254,Pop,-1.6073
a_diz_suprusu,-124.153,RF,3.6133
a_diz_suprusu,-124.153,VL,3.6535
a_diz_suprusu,-124.153,VI,3.6477
a_diz_suprusu,-124.153,VM,3.6221
a_diz_suprusu,-124.153,SM,-4.0448
a_diz_suprusu,-124.153,STa,-15.6200
a_diz_suprusu,-124.153,STp,-15.2846
a_diz_suprusu,-124.153,BFp,-13.8498
a_diz_suprusu,-124.153,GP,-12.4319
a_diz_suprusu,-124.153,GA,-9.5371
a_diz_suprusu,-124.153,Pla,-4.1137
a_diz_suprusu,-124.153,MG,-3.4092
a_diz_suprusu,-124.153,LG,-3.0393
a_diz_suprusu,-124.153,Pop,-1.6034
a_diz_suprusu,-123.051,RF,3.6377
a_diz_suprusu,-123.051,VL,3.6760
a_diz_suprusu,-123.051,VI,3.6705
a_diz_suprusu,-123.051,VM,3.6461
a_diz_suprusu,-123.051,SM,-3.9984
a_diz_suprusu,-123.051,STa,-15.5807
a_diz_suprusu,-123.051,STp,-15.2036
a_diz_suprusu,-123.051,BFp,-13.8318
a_diz_suprusu,-123.051,GP,-12.4104
a_diz_suprusu,-123.051,GA,-9.5012
a_diz_suprusu,-123.051,Pla,-4.1213
a_diz_suprusu,-123.051,MG,-3.4186
a_diz_suprusu,-123.051,LG,-3.0520
a_diz_suprusu,-123.051,Pop,-1.5994
a_diz_suprusu,-121.949,RF,3.6603
a_diz_suprusu,-121.949,VL,3.6962
a_diz_suprusu,-121.949,VI,3.6911
a_diz_suprusu,-121.949,VM,3.6682
a_diz_suprusu,-121.949,SM,-3.9518
a_diz_suprusu,-121.949,STa,-15.5384
a_diz_suprusu,-121.949,STp,-15.1207
a_diz_suprusu,-121.949,BFp,-13.8105
a_diz_suprusu,-121.949,GP,-12.3854
a_diz_suprusu,-121.949,GA,-9.4634
a_diz_suprusu,-121.949,Pla,-4.1270
a_diz_suprusu,-121.949,MG,-3.4264
a_diz_suprusu,-121.949,LG,-3.0632
a_diz_suprusu,-121.949,Pop,-1.5951
a_diz_suprusu,-120.847,RF,3.6812
a_diz_suprusu,-120.847,VL,3.7141
a_diz_suprusu,-120.847,VI,3.7096
a_diz_suprusu,-120.847,VM,3.6885
a_diz_suprusu,-120.847,SM,-3.9052
a_diz_suprusu,-120.847,STa,-15.4933
a_diz_suprusu,-120.847,STp,-15.0360
a_diz_suprusu,-120.847,BFp,-13.7859
a_diz_suprusu,-120.847,GP,-12.3571
a_diz_suprusu,-120.847,GA,-9.4237
a_diz_suprusu,-120.847,Pla,-4.1308
a_diz_suprusu,-120.847,MG,-3.4324
a_diz_suprusu,-120.847,LG,-3.0727
a_diz_suprusu,-120.847,Pop,-1.5902
a_diz_suprusu,-119.746,RF,3.7011
a_diz_suprusu,-119.746,VL,3.7300
a_diz_suprusu,-119.746,VI,3.7261
a_diz_suprusu,-119.746,VM,3.7072
a_diz_suprusu,-119.746,SM,-3.8589
a_diz_suprusu,-119.746,STa,-15.4458
a_diz_suprusu,-119.746,STp,-14.9501
a_diz_suprusu,-119.746,BFp,-13.7584
a_diz_suprusu,-119.746,GP,-12.3259
a_diz_suprusu,-119.746,GA,-9.3824
a_diz_suprusu,-119.746,Pla,-4.1325
a_diz_suprusu,-119.746,MG,-3.4366
a_diz_suprusu,-119.746,LG,-3.0805
a_diz_suprusu,-119.746,Pop,-1.5842
a_diz_suprusu,-118.644,RF,3.7172
a_diz_suprusu,-118.644,VL,3.7423
a_diz_suprusu,-118.644,VI,3.7390
a_diz_suprusu,-118.644,VM,3.7227
a_diz_suprusu,-118.644,SM,-3.8139
a_diz_suprusu,-118.644,STa,-15.3973
a_diz_suprusu,-118.644,STp,-14.8642
a_diz_suprusu,-118.644,BFp,-13.7293
a_diz_suprusu,-118.644,GP,-12.2931
a_diz_suprusu,-118.644,GA,-9.3410
a_diz_suprusu,-118.644,Pla,-4.1331
a_diz_suprusu,-118.644,MG,-3.4399
a_diz_suprusu,-118.644,LG,-3.0875
a_diz_suprusu,-118.644,Pop,-1.5777
a_diz_suprusu,-117.542,RF,3.7296
a_diz_suprusu,-117.542,VL,3.7502
a_diz_suprusu,-117.542,VI,3.7478
a_diz_suprusu,-117.542,VM,3.7343
a_diz_suprusu,-117.542,SM,-3.7708
a_diz_suprusu,-117.542,STa,-15.3487
a_diz_suprusu,-117.542,STp,-14.7793
a_diz_suprusu,-117.542,BFp,-13.6995
a_diz_suprusu,-117.542,GP,-12.2594
a_diz_suprusu,-117.542,GA,-9.3002
a_diz_suprusu,-117.542,Pla,-4.1331
a_diz_suprusu,-117.542,MG,-3.4428
a_diz_suprusu,-117.542,LG,-3.0940
a_diz_suprusu,-117.542,Pop,-1.5707
a_diz_suprusu,-116.441,RF,3.7383
a_diz_suprusu,-116.441,VL,3.7540
a_diz_suprusu,-116.441,VI,3.7525
a_diz_suprusu,-116.441,VM,3.7421
a_diz_suprusu,-116.441,SM,-3.7299
a_diz_suprusu,-116.441,STa,-15.3002
a_diz_suprusu,-116.441,STp,-14.6956
a_diz_suprusu,-116.441,BFp,-13.6691
a_diz_suprusu,-116.441,GP,-12.2250
a_diz_suprusu,-116.441,GA,-9.2602
a_diz_suprusu,-116.441,Pla,-4.1325
a_diz_suprusu,-116.441,MG,-3.4453
a_diz_suprusu,-116.441,LG,-3.1001
a_diz_suprusu,-116.441,Pop,-1.5630
a_diz_suprusu,-115.339,RF,3.7435
a_diz_suprusu,-115.339,VL,3.7538
a_diz_suprusu,-115.339,VI,3.7532
a_diz_suprusu,-115.339,VM,3.7464
a_diz_suprusu,-115.339,SM,-3.6914
a_diz_suprusu,-115.339,STa,-15.2520
a_diz_suprusu,-115.339,STp,-14.6132
a_diz_suprusu,-115.339,BFp,-13.6381
a_diz_suprusu,-115.339,GP,-12.1903
a_diz_suprusu,-115.339,GA,-9.2213
a_diz_suprusu,-115.339,Pla,-4.1313
a_diz_suprusu,-115.339,MG,-3.4474
a_diz_suprusu,-115.339,LG,-3.1059
a_diz_suprusu,-115.339,Pop,-1.5544
a_diz_suprusu,-114.237,RF,3.7453
a_diz_suprusu,-114.237,VL,3.7498
a_diz_suprusu,-114.237,VI,3.7502
a_diz_suprusu,-114.237,VM,3.7473
a_diz_suprusu,-114.237,SM,-3.6555
a_diz_suprusu,-114.237,STa,-15.2044
a_diz_suprusu,-114.237,STp,-14.5323
a_diz_suprusu,-114.237,BFp,-13.6067
a_diz_suprusu,-114.237,GP,-12.1555
a_diz_suprusu,-114.237,GA,-9.1836
a_diz_suprusu,-114.237,Pla,-4.1296
a_diz_suprusu,-114.237,MG,-3.4493
a_diz_suprusu,-114.237,LG,-3.1113
a_diz_suprusu,-114.237,Pop,-1.5446
a_diz_suprusu,-113.136,RF,3.7439
a_diz_suprusu,-113.136,VL,3.7419
a_diz_suprusu,-113.136,VI,3.7434
a_diz_suprusu,-113.136,VM,3.7447
a_diz_suprusu,-113.136,SM,-3.6226
a_diz_suprusu,-113.136,STa,-15.1575
a_diz_suprusu,-113.136,STp,-14.4531
a_diz_suprusu,-113.136,BFp,-13.5750
a_diz_suprusu,-113.136,GP,-12.1209
a_diz_suprusu,-113.136,GA,-9.1473
a_diz_suprusu,-113.136,Pla,-4.1274
a_diz_suprusu,-113.136,MG,-3.4509
a_diz_suprusu,-113.136,LG,-3.1165
a_diz_suprusu,-113.136,Pop,-1.5335
a_diz_suprusu,-112.034,RF,3.7393
a_diz_suprusu,-112.034,VL,3.7303
a_diz_suprusu,-112.034,VI,3.7330
a_diz_suprusu,-112.034,VM,3.7389
a_diz_suprusu,-112.034,SM,-3.5927
a_diz_suprusu,-112.034,STa,-15.1116
a_diz_suprusu,-112.034,STp,-14.3756
a_diz_suprusu,-112.034,BFp,-13.5431
a_diz_suprusu,-112.034,GP,-12.0867
a_diz_suprusu,-112.034,GA,-9.1127
a_diz_suprusu,-112.034,Pla,-4.1247
a_diz_suprusu,-112.034,MG,-3.4523
a_diz_suprusu,-112.034,LG,-3.1215
a_diz_suprusu,-112.034,Pop,-1.5209
a_diz_suprusu,-110.932,RF,3.7316
a_diz_suprusu,-110.932,VL,3.7152
a_diz_suprusu,-110.932,VI,3.7192
a_diz_suprusu,-110.932,VM,3.7299
a_diz_suprusu,-110.932,SM,-3.5663
a_diz_suprusu,-110.932,STa,-15.0668
a_diz_suprusu,-110.932,STp,-14.3001
a_diz_suprusu,-110.932,BFp,-13.5111
a_diz_suprusu,-110.932,GP,-12.0531
a_diz_suprusu,-110.932,GA,-9.0799
a_diz_suprusu,-110.932,Pla,-4.1216
a_diz_suprusu,-110.932,MG,-3.4534
a_diz_suprusu,-110.932,LG,-3.1262
a_diz_suprusu,-110.932,Pop,-1.5067
a_diz_suprusu,-109.831,RF,3.7209
a_diz_suprusu,-109.831,VL,3.6966
a_diz_suprusu,-109.831,VI,3.7019
a_diz_suprusu,-109.831,VM,3.7179
a_diz_suprusu,-109.831,SM,-3.5433
a_diz_suprusu,-109.831,STa,-15.0233
a_diz_suprusu,-109.831,STp,-14.2265
a_diz_suprusu,-109.831,BFp,-13.4789
a_diz_suprusu,-109.831,GP,-12.0204
a_diz_suprusu,-109.831,GA,-9.0491
a_diz_suprusu,-109.831,Pla,-4.1181
a_diz_suprusu,-109.831,MG,-3.4544
a_diz_suprusu,-109.831,LG,-3.1307
a_diz_suprusu,-109.831,Pop,-1.4907
a_diz_suprusu,-108.729,RF,3.7101
a_diz_suprusu,-108.729,VL,3.6786
a_diz_suprusu,-108.729,VI,3.6851
a_diz_suprusu,-108.729,VM,3.7058
a_diz_suprusu,-108.729,SM,-3.5213
a_diz_suprusu,-108.729,STa,-14.9766
a_diz_suprusu,-108.729,STp,-14.1501
a_diz_suprusu,-108.729,BFp,-13.4442
a_diz_suprusu,-108.729,GP,-11.9867
a_diz_suprusu,-108.729,GA,-9.0183
a_diz_suprusu,-108.729,Pla,-4.1138
a_diz_suprusu,-108.729,MG,-3.4548
a_diz_suprusu,-108.729,LG,-3.1348
a_diz_suprusu,-108.729,Pop,-1.4726
a_diz_suprusu,-107.627,RF,3.7009
a_diz_suprusu,-107.627,VL,3.6635
a_diz_suprusu,-107.627,VI,3.6710
a_diz_suprusu,-107.627,VM,3.6956
a_diz_suprusu,-107.627,SM,-3.4989
a_diz_suprusu,-107.627,STa,-14.9242
a_diz_suprusu,-107.627,STp,-14.0680
a_diz_suprusu,-107.627,BFp,-13.4057
a_diz_suprusu,-107.627,GP,-11.9507
a_diz_suprusu,-107.627,GA,-8.9864
a_diz_suprusu,-107.627,Pla,-4.1081
a_diz_suprusu,-107.627,MG,-3.4542
a_diz_suprusu,-107.627,LG,-3.1378
a_diz_suprusu,-107.627,Pop,-1.4524
a_diz_suprusu,-106.525,RF,3.6937
a_diz_suprusu,-106.525,VL,3.6518
a_diz_suprusu,-106.525,VI,3.6599
a_diz_suprusu,-106.525,VM,3.6874
a_diz_suprusu,-106.525,SM,-3.4759
a_diz_suprusu,-106.525,STa,-14.8659
a_diz_suprusu,-106.525,STp,-13.9802
a_diz_suprusu,-106.525,BFp,-13.3635
a_diz_suprusu,-106.525,GP,-11.9124
a_diz_suprusu,-106.525,GA,-8.9531
a_diz_suprusu,-106.525,Pla,-4.1007
a_diz_suprusu,-106.525,MG,-3.4521
a_diz_suprusu,-106.525,LG,-3.1395
a_diz_suprusu,-106.525,Pop,-1.4301
a_diz_suprusu,-105.424,RF,3.6887
a_diz_suprusu,-105.424,VL,3.6435
a_diz_suprusu,-105.424,VI,3.6523
a_diz_suprusu,-105.424,VM,3.6818
a_diz_suprusu,-105.424,SM,-3.4523
a_diz_suprusu,-105.424,STa,-14.8018
a_diz_suprusu,-105.424,STp,-13.8864
a_diz_suprusu,-105.424,BFp,-13.3177
a_diz_suprusu,-105.424,GP,-11.8718
a_diz_suprusu,-105.424,GA,-8.9183
a_diz_suprusu,-105.424,Pla,-4.0912
a_diz_suprusu,-105.424,MG,-3.4482
a_diz_suprusu,-105.424,LG,-3.1394
a_diz_suprusu,-105.424,Pop,-1.4057
a_diz_suprusu,-104.322,RF,3.6862
a_diz_suprusu,-104.322,VL,3.6393
a_diz_suprusu,-104.322,VI,3.6483
a_diz_suprusu,-104.322,VM,3.6790
a_diz_suprusu,-104.322,SM,-3.4279
a_diz_suprusu,-104.322,STa,-14.7318
a_diz_suprusu,-104.322,STp,-13.7866
a_diz_suprusu,-104.322,BFp,-13.2685
a_diz_suprusu,-104.322,GP,-11.8286
a_diz_suprusu,-104.322,GA,-8.8819
a_diz_suprusu,-104.322,Pla,-4.0793
a_diz_suprusu,-104.322,MG,-3.4422
a_diz_suprusu,-104.322,LG,-3.1372
a_diz_suprusu,-104.322,Pop,-1.3792
a_diz_suprusu,-103.220,RF,3.6867
a_diz_suprusu,-103.220,VL,3.6393
a_diz_suprusu,-103.220,VI,3.6483
a_diz_suprusu,-103.220,VM,3.6793
a_diz_suprusu,-103.220,SM,-3.4026
a_diz_suprusu,-103.220,STa,-14.6558
a_diz_suprusu,-103.220,STp,-13.6807
a_diz_suprusu,-103.220,BFp,-13.2158
a_diz_suprusu,-103.220,GP,-11.7828
a_diz_suprusu,-103.220,GA,-8.8436
a_diz_suprusu,-103.220,Pla,-4.0645
a_diz_suprusu,-103.220,MG,-3.4336
a_diz_suprusu,-103.220,LG,-3.1324
a_diz_suprusu,-103.220,Pop,-1.3506
a_diz_suprusu,-102.119,RF,3.6904
a_diz_suprusu,-102.119,VL,3.6440
a_diz_suprusu,-102.119,VI,3.6528
a_diz_suprusu,-102.119,VM,3.6831
a_diz_suprusu,-102.119,SM,-3.3764
a_diz_suprusu,-102.119,STa,-14.5737
a_diz_suprusu,-102.119,STp,-13.5687
a_diz_suprusu,-102.119,BFp,-13.1600
a_diz_suprusu,-102.119,GP,-11.7344
a_diz_suprusu,-102.119,GA,-8.8034
a_diz_suprusu,-102.119,Pla,-4.0466
a_diz_suprusu,-102.119,MG,-3.4221
a_diz_suprusu,-102.119,LG,-3.1249
a_diz_suprusu,-102.119,Pop,-1.3198
a_diz_suprusu,-101.017,RF,3.6977
a_diz_suprusu,-101.017,VL,3.6535
a_diz_suprusu,-101.017,VI,3.6619
a_diz_suprusu,-101.017,VM,3.6907
a_diz_suprusu,-101.017,SM,-3.3492
a_diz_suprusu,-101.017,STa,-14.4856
a_diz_suprusu,-101.017,STp,-13.4503
a_diz_suprusu,-101.017,BFp,-13.1010
a_diz_suprusu,-101.017,GP,-11.6832
a_diz_suprusu,-101.017,GA,-8.7610
a_diz_suprusu,-101.017,Pla,-4.0252
a_diz_suprusu,-101.017,MG,-3.4074
a_diz_suprusu,-101.017,LG,-3.1141
a_diz_suprusu,-101.017,Pop,-1.2869
a_diz_suprusu,-99.915,RF,3.7088
a_diz_suprusu,-99.915,VL,3.6683
a_diz_suprusu,-99.915,VI,3.6761
a_diz_suprusu,-99.915,VM,3.7025
a_diz_suprusu,-99.915,SM,-3.3209
a_diz_suprusu,-99.915,STa,-14.3913
a_diz_suprusu,-99.915,STp,-13.3256
a_diz_suprusu,-99.915,BFp,-13.0391
a_diz_suprusu,-99.915,GP,-11.6292
a_diz_suprusu,-99.915,GA,-8.7165
a_diz_suprusu,-99.915,Pla,-4.0001
a_diz_suprusu,-99.915,MG,-3.3892
a_diz_suprusu,-99.915,LG,-3.0999
a_diz_suprusu,-99.915,Pop,-1.2519
a_diz_suprusu,-98.814,RF,3.7192
a_diz_suprusu,-98.814,VL,3.6825
a_diz_suprusu,-98.814,VI,3.6899
a_diz_suprusu,-98.814,VM,3.7135
a_diz_suprusu,-98.814,SM,-3.2941
a_diz_suprusu,-98.814,STa,-14.2960
a_diz_suprusu,-98.814,STp,-13.2002
a_diz_suprusu,-98.814,BFp,-12.9769
a_diz_suprusu,-98.814,GP,-11.5746
a_diz_suprusu,-98.814,GA,-8.6722
a_diz_suprusu,-98.814,Pla,-3.9740
a_diz_suprusu,-98.814,MG,-3.3701
a_diz_suprusu,-98.814,LG,-3.0849
a_diz_suprusu,-98.814,Pop,-1.2168
a_diz_suprusu,-97.712,RF,3.7251
a_diz_suprusu,-97.712,VL,3.6918
a_diz_suprusu,-97.712,VI,3.6984
a_diz_suprusu,-97.712,VM,3.7199
a_diz_suprusu,-97.712,SM,-3.2709
a_diz_suprusu,-97.712,STa,-14.2035
a_diz_suprusu,-97.712,STp,-13.0783
a_diz_suprusu,-97.712,BFp,-12.9164
a_diz_suprusu,-97.712,GP,-11.5213
a_diz_suprusu,-97.712,GA,-8.6300
a_diz_suprusu,-97.712,Pla,-3.9493
a_diz_suprusu,-97.712,MG,-3.3523
a_diz_suprusu,-97.712,LG,-3.0715
a_diz_suprusu,-97.712,Pop,-1.1835
a_diz_suprusu,-96.610,RF,3.7267
a_diz_suprusu,-96.610,VL,3.6958
a_diz_suprusu,-96.610,VI,3.7021
a_diz_suprusu,-96.610,VM,3.7220
a_diz_suprusu,-96.610,SM,-3.2515
a_diz_suprusu,-96.610,STa,-14.1140
a_diz_suprusu,-96.610,STp,-12.9600
a_diz_suprusu,-96.610,BFp,-12.8575
a_diz_suprusu,-96.610,GP,-11.4695
a_diz_suprusu,-96.610,GA,-8.5902
a_diz_suprusu,-96.610,Pla,-3.9262
a_diz_suprusu,-96.610,MG,-3.3360
a_diz_suprusu,-96.610,LG,-3.0598
a_diz_suprusu,-96.610,Pop,-1.1517
a_diz_suprusu,-95.508,RF,3.7241
a_diz_suprusu,-95.508,VL,3.6951
a_diz_suprusu,-95.508,VI,3.7010
a_diz_suprusu,-95.508,VM,3.7197
a_diz_suprusu,-95.508,SM,-3.2360
a_diz_suprusu,-95.508,STa,-14.0275
a_diz_suprusu,-95.508,STp,-12.8455
a_diz_suprusu,-95.508,BFp,-12.8003
a_diz_suprusu,-95.508,GP,-11.4192
a_diz_suprusu,-95.508,GA,-8.5528
a_diz_suprusu,-95.508,Pla,-3.9047
a_diz_suprusu,-95.508,MG,-3.3212
a_diz_suprusu,-95.508,LG,-3.0500
a_diz_suprusu,-95.508,Pop,-1.1216
a_diz_suprusu,-94.407,RF,3.7174
a_diz_suprusu,-94.407,VL,3.6896
a_diz_suprusu,-94.407,VI,3.6952
a_diz_suprusu,-94.407,VM,3.7132
a_diz_suprusu,-94.407,SM,-3.2246
a_diz_suprusu,-94.407,STa,-13.9442
a_diz_suprusu,-94.407,STp,-12.7347
a_diz_suprusu,-94.407,BFp,-12.7449
a_diz_suprusu,-94.407,GP,-11.3707
a_diz_suprusu,-94.407,GA,-8.5180
a_diz_suprusu,-94.407,Pla,-3.8851
a_diz_suprusu,-94.407,MG,-3.3081
a_diz_suprusu,-94.407,LG,-3.0422
a_diz_suprusu,-94.407,Pop,-1.0931
a_diz_suprusu,-93.305,RF,3.7068
a_diz_suprusu,-93.305,VL,3.6795
a_diz_suprusu,-93.305,VI,3.6847
a_diz_suprusu,-93.305,VM,3.7027
a_diz_suprusu,-93.305,SM,-3.2174
a_diz_suprusu,-93.305,STa,-13.8641
a_diz_suprusu,-93.305,STp,-12.6278
a_diz_suprusu,-93.305,BFp,-12.6912
a_diz_suprusu,-93.305,GP,-11.3242
a_diz_suprusu,-93.305,GA,-8.4859
a_diz_suprusu,-93.305,Pla,-3.8674
a_diz_suprusu,-93.305,MG,-3.2969
a_diz_suprusu,-93.305,LG,-3.0365
a_diz_suprusu,-93.305,Pop,-1.0661
a_diz_suprusu,-92.203,RF,3.6924
a_diz_suprusu,-92.203,VL,3.6650
a_diz_suprusu,-92.203,VI,3.6702
a_diz_suprusu,-92.203,VM,3.6882
a_diz_suprusu,-92.203,SM,-3.2146
a_diz_suprusu,-92.203,STa,-13.7873
a_diz_suprusu,-92.203,STp,-12.5247
a_diz_suprusu,-92.203,BFp,-12.6393
a_diz_suprusu,-92.203,GP,-11.2798
a_diz_suprusu,-92.203,GA,-8.4567
a_diz_suprusu,-92.203,Pla,-3.8517
a_diz_suprusu,-92.203,MG,-3.2876
a_diz_suprusu,-92.203,LG,-3.0331
a_diz_suprusu,-92.203,Pop,-1.0405
a_diz_suprusu,-91.102,RF,3.6744
a_diz_suprusu,-91.102,VL,3.6462
a_diz_suprusu,-91.102,VI,3.6518
a_diz_suprusu,-91.102,VM,3.6700
a_diz_suprusu,-91.102,SM,-3.2164
a_diz_suprusu,-91.102,STa,-13.7140
a_diz_suprusu,-91.102,STp,-12.4259
a_diz_suprusu,-91.102,BFp,-12.5891
a_diz_suprusu,-91.102,GP,-11.2375
a_diz_suprusu,-91.102,GA,-8.4303
a_diz_suprusu,-91.102,Pla,-3.8381
a_diz_suprusu,-91.102,MG,-3.2804
a_diz_suprusu,-91.102,LG,-3.0320
a_diz_suprusu,-91.102,Pop,-1.0165
a_diz_suprusu,-90.000,RF,3.6529
a_diz_suprusu,-90.000,VL,3.6233
a_diz_suprusu,-90.000,VI,3.6291
a_diz_suprusu,-90.000,VM,3.6482
a_diz_suprusu,-90.000,SM,-3.2227
a_diz_suprusu,-90.000,STa,-13.6441
a_diz_suprusu,-90.000,STp,-12.3307
a_diz_suprusu,-90.000,BFp,-12.5405
a_diz_suprusu,-90.000,GP,-11.1976
a_diz_suprusu,-90.000,GA,-8.4070
a_diz_suprusu,-90.000,Pla,-3.8268
a_diz_suprusu,-90.000,MG,-3.2753
a_diz_suprusu,-90.000,LG,-3.0333
a_diz_suprusu,-90.000,Pop,-0.9940
b_sarma_acik,-120.0,RF,3.6969
b_sarma_kapali,-120.0,RF,-0.6515
b_sarma_acik,-120.0,VL,3.7266
b_sarma_kapali,-120.0,VL,-1.1828
b_sarma_acik,-120.0,VI,3.7225
b_sarma_kapali,-120.0,VI,-0.6111
b_sarma_acik,-120.0,VM,3.7031
b_sarma_kapali,-120.0,VM,-0.9706
c_kalca_suprusu,-10.000,SM,-3.9843
c_kalca_suprusu,-10.000,RF,3.6993
c_kalca_suprusu,-7.564,SM,-3.9867
c_kalca_suprusu,-7.564,RF,3.6992
c_kalca_suprusu,-5.128,SM,-3.9881
c_kalca_suprusu,-5.128,RF,3.6991
c_kalca_suprusu,-2.692,SM,-3.9885
c_kalca_suprusu,-2.692,RF,3.6989
c_kalca_suprusu,-0.256,SM,-3.9881
c_kalca_suprusu,-0.256,RF,3.6988
c_kalca_suprusu,2.179,SM,-3.9868
c_kalca_suprusu,2.179,RF,3.6986
c_kalca_suprusu,4.615,SM,-3.9846
c_kalca_suprusu,4.615,RF,3.6985
c_kalca_suprusu,7.051,SM,-3.9817
c_kalca_suprusu,7.051,RF,3.6984
c_kalca_suprusu,9.487,SM,-3.9780
c_kalca_suprusu,9.487,RF,3.6982
c_kalca_suprusu,11.923,SM,-3.9735
c_kalca_suprusu,11.923,RF,3.6981
c_kalca_suprusu,14.359,SM,-3.9683
c_kalca_suprusu,14.359,RF,3.6980
c_kalca_suprusu,16.795,SM,-3.9623
c_kalca_suprusu,16.795,RF,3.6978
c_kalca_suprusu,19.231,SM,-3.9556
c_kalca_suprusu,19.231,RF,3.6977
c_kalca_suprusu,21.667,SM,-3.9482
c_kalca_suprusu,21.667,RF,3.6976
c_kalca_suprusu,24.103,SM,-3.9400
c_kalca_suprusu,24.103,RF,3.6975
c_kalca_suprusu,26.538,SM,-3.9312
c_kalca_suprusu,26.538,RF,3.6974
c_kalca_suprusu,28.974,SM,-3.9216
c_kalca_suprusu,28.974,RF,3.6973
c_kalca_suprusu,31.410,SM,-3.9113
c_kalca_suprusu,31.410,RF,3.6972
c_kalca_suprusu,33.846,SM,-3.9003
c_kalca_suprusu,33.846,RF,3.6971
c_kalca_suprusu,36.282,SM,-3.8885
c_kalca_suprusu,36.282,RF,3.6970
c_kalca_suprusu,38.718,SM,-3.8760
c_kalca_suprusu,38.718,RF,3.6969
c_kalca_suprusu,41.154,SM,-3.8628
c_kalca_suprusu,41.154,RF,3.6969
c_kalca_suprusu,43.590,SM,-3.8489
c_kalca_suprusu,43.590,RF,3.6960
c_kalca_suprusu,46.026,SM,-3.8342
c_kalca_suprusu,46.026,RF,3.6960
c_kalca_suprusu,48.462,SM,-3.8188
c_kalca_suprusu,48.462,RF,3.6960
c_kalca_suprusu,50.897,SM,-3.8026
c_kalca_suprusu,50.897,RF,3.6960
c_kalca_suprusu,53.333,SM,-3.7858
c_kalca_suprusu,53.333,RF,3.6959
c_kalca_suprusu,55.769,SM,-3.7681
c_kalca_suprusu,55.769,RF,3.6959
c_kalca_suprusu,58.205,SM,-3.7498
c_kalca_suprusu,58.205,RF,3.6959
c_kalca_suprusu,60.641,SM,-3.7307
c_kalca_suprusu,60.641,RF,3.6959
c_kalca_suprusu,63.077,SM,-3.7109
c_kalca_suprusu,63.077,RF,3.6959
c_kalca_suprusu,65.513,SM,-3.6904
c_kalca_suprusu,65.513,RF,3.6960
c_kalca_suprusu,67.949,SM,-3.6692
c_kalca_suprusu,67.949,RF,3.6960
c_kalca_suprusu,70.385,SM,-3.6472
c_kalca_suprusu,70.385,RF,3.6961
c_kalca_suprusu,72.821,SM,-3.6245
c_kalca_suprusu,72.821,RF,3.6961
c_kalca_suprusu,75.256,SM,-3.6012
c_kalca_suprusu,75.256,RF,3.6962
c_kalca_suprusu,77.692,SM,-3.5771
c_kalca_suprusu,77.692,RF,3.6963
c_kalca_suprusu,80.128,SM,-3.5524
c_kalca_suprusu,80.128,RF,3.6963
c_kalca_suprusu,82.564,SM,-3.5270
c_kalca_suprusu,82.564,RF,3.6964
c_kalca_suprusu,85.000,SM,-3.5009
c_kalca_suprusu,85.000,RF,3.6965
