# u(t) swing v2 — faz1a + smooth .mot; ID(15Hz, kas haric) + SO(min Σa², rijit tendon, fV(vm) Thelen a=1 kapali-form, 7 DOF kisit, rezerv W=1e6; max|rezerv| 0.013 N·mm)
gait_pct,BFa,BFp,CF,STp,STa,SM,QF,TFL,GMa,GMe,GMi,Pir,GP,GA,AL,AM,AB,Pec,IP,OE,OI,GS,GI,RF,VL,VI,VM,MG,LG,Pla,Sol,TA,EDL,TP,FDL,FHL,Per,Pop
65.0,0.00369,0.01281,0.00000,0.00468,0.00000,0.00000,0.00000,0.00870,0.03271,0.00649,0.00000,0.00000,0.00000,0.00000,0.00000,0.00000,0.00000,0.00000,0.07245,0.02162,0.00104,0.00000,0.00000,0.04312,0.00000,0.00000,0.00000,0.00000,0.00000,0.00290,0.00000,0.01242,0.00176,0.00000,0.00431,0.00000,0.00321,0.00538
65.5,0.00550,0.01225,0.00000,0.00505,0.00000,0.00000,0.00000,0.00856,0.03290,0.00677,0.00000,0.00000,0.00000,0.00000,0.00000,0.00000,0.00000,0.00000,0.07340,0.02228,0.00058,0.00000,0.00000,0.04341,0.00000,0.00000,0.00000,0.00000,0.00000,0.00266,0.00000,0.01248,0.00188,0.00000,0.00411,0.00000,0.00345,0.00556
66.0,0.00744,0.01169,0.00000,0.00545,0.00000,0.00000,0.00000,0.00842,0.03308,0.00704,0.00000,0.00000,0.00000,0.00000,0.00000,0.00000,0.00000,0.00000,0.07427,0.02294,0.00011,0.00000,0.00000,0.04358,0.00000,0.00000,0.00000,0.00000,0.00000,0.00244,0.00000,0.01253,0.00197,0.00000,0.00392,0.00000,0.00355,0.00575
66.5,0.00939,0.01113,0.00000,0.00591,0.00000,0.00000,0.00000,0.00828,0.03321,0.00729,0.00000,0.00000,0.00000,0.00000,0.00000,0.00000,0.00000,0.00000,0.07514,0.02363,0.00000,0.00000,0.00000,0.04361,0.00000,0.00000,0.00000,0.00000,0.00000,0.00226,0.00000,0.01256,0.00206,0.00000,0.00380,0.00000,0.00361,0.00595
67.0,0.01146,0.01057,0.00000,0.00641,0.00000,0.00000,0.00000,0.00814,0.03335,0.00753,0.00000,0.00000,0.00000,0.00000,0.00000,0.00000,0.00000,0.00000,0.07583,0.02428,0.00000,0.00000,0.00000,0.04354,0.00000,0.00000,0.00000,0.00000,0.00000,0.00217,0.00000,0.01251,0.00215,0.00000,0.00380,0.00000,0.00371,0.00616
67.5,0.01367,0.01000,0.00000,0.00708,0.00000,0.00000,0.00000,0.00798,0.03358,0.00775,0.00000,0.00000,0.00000,0.00000,0.00000,0.00000,0.00000,0.00000,0.07630,0.02491,0.00000,0.00000,0.00000,0.04346,0.00000,0.00000,0.00000,0.00000,0.00000,0.00208,0.00000,0.01246,0.00223,0.00000,0.00381,0.00000,0.00379,0.00638
68.0,0.01596,0.00941,0.00000,0.00778,0.00000,0.00000,0.00000,0.00783,0.03370,0.00802,0.00000,0.00000,0.00000,0.00000,0.00000,0.00000,0.00000,0.00000,0.07668,0.02549,0.00000,0.00000,0.00000,0.04313,0.00000,0.00000,0.00000,0.00000,0.00000,0.00202,0.00000,0.01240,0.00230,0.00000,0.00383,0.00000,0.00386,0.00660
68.5,0.01834,0.00883,0.00000,0.00844,0.00000,0.00000,0.00000,0.00767,0.03384,0.00827,0.00000,0.00000,0.00000,0.00000,0.00000,0.00000,0.00000,0.00000,0.07691,0.02604,0.00000,0.00000,0.00000,0.04272,0.00000,0.00000,0.00000,0.00000,0.00000,0.00196,0.00000,0.01235,0.00238,0.00000,0.00387,0.00000,0.00392,0.00683
69.0,0.02080,0.00828,0.00000,0.00896,0.00000,0.00000,0.00000,0.00752,0.03400,0.00853,0.00000,0.00000,0.00000,0.00000,0.00000,0.00000,0.00000,0.00000,0.07701,0.02655,0.00000,0.00000,0.00000,0.04223,0.00000,0.00000,0.00000,0.00000,0.00000,0.00192,0.00000,0.01231,0.00245,0.00000,0.00393,0.00000,0.00395,0.00708
69.5,0.02322,0.00777,0.00000,0.00944,0.00000,0.00000,0.00000,0.00736,0.03414,0.00881,0.00000,0.00000,0.00000,0.00000,0.00000,0.00000,0.00000,0.00000,0.07693,0.02698,0.00000,0.00000,0.00000,0.04157,0.00000,0.00000,0.00000,0.00000,0.00000,0.00190,0.00000,0.01230,0.00252,0.00000,0.00390,0.00000,0.00396,0.00733
70.0,0.02565,0.00728,0.00000,0.00988,0.00000,0.00000,0.00000,0.00721,0.03428,0.00907,0.00000,0.00000,0.00000,0.00000,0.00000,0.00000,0.00000,0.00000,0.07665,0.02733,0.00000,0.00000,0.00000,0.04082,0.00000,0.00000,0.00000,0.00000,0.00000,0.00190,0.00000,0.01230,0.00258,0.00000,0.00385,0.00000,0.00395,0.00759
70.5,0.02811,0.00680,0.00000,0.01026,0.00000,0.00000,0.00000,0.00706,0.03447,0.00932,0.00000,0.00000,0.00000,0.00000,0.00000,0.00000,0.00000,0.00000,0.07622,0.02761,0.00000,0.00000,0.00000,0.04001,0.00000,0.00000,0.00000,0.00000,0.00000,0.00191,0.00000,0.01232,0.00265,0.00000,0.00383,0.00000,0.00391,0.00787
71.0,0.03056,0.00635,0.00000,0.01060,0.00000,0.00000,0.00000,0.00692,0.03472,0.00955,0.00000,0.00000,0.00000,0.00000,0.00000,0.00000,0.00000,0.00000,0.07567,0.02781,0.00000,0.00000,0.00000,0.03915,0.00000,0.00000,0.00000,0.00000,0.00000,0.00192,0.00000,0.01236,0.00270,0.00000,0.00383,0.00000,0.00384,0.00817
71.5,0.03299,0.00592,0.00000,0.01089,0.00000,0.00000,0.00000,0.00679,0.03503,0.00975,0.00000,0.00000,0.00000,0.00000,0.00000,0.00000,0.00000,0.00000,0.07503,0.02795,0.00000,0.00000,0.00000,0.03825,0.00000,0.00000,0.00000,0.00000,0.00000,0.00191,0.00000,0.01243,0.00276,0.00000,0.00387,0.00000,0.00375,0.00850
72.0,0.03539,0.00550,0.00000,0.01113,0.00000,0.00000,0.00000,0.00666,0.03537,0.00972,0.00000,0.00000,0.00000,0.00000,0.00000,0.00000,0.00000,0.00000,0.07427,0.02805,0.00000,0.00000,0.00000,0.03733,0.00000,0.00000,0.00000,0.00000,0.00000,0.00191,0.00000,0.01250,0.00281,0.00000,0.00394,0.00000,0.00364,0.00885
72.5,0.03773,0.00512,0.00000,0.01121,0.00000,0.00000,0.00000,0.00653,0.03576,0.00962,0.00000,0.00000,0.00000,0.00000,0.00000,0.00000,0.00000,0.00000,0.07334,0.02805,0.00000,0.00000,0.00000,0.03635,0.00000,0.00000,0.00000,0.00000,0.00000,0.00192,0.00000,0.01258,0.00285,0.00000,0.00404,0.00000,0.00351,0.00922
73.0,0.03998,0.00474,0.00000,0.01136,0.00000,0.00000,0.00000,0.00643,0.03621,0.00949,0.00000,0.00000,0.00000,0.00000,0.00000,0.00000,0.00000,0.00000,0.07247,0.02801,0.00000,0.00000,0.00000,0.03535,0.00000,0.00000,0.00000,0.00000,0.00000,0.00194,0.00000,0.01267,0.00289,0.00000,0.00420,0.00000,0.00340,0.00965
73.5,0.04213,0.00439,0.00000,0.01149,0.00000,0.00000,0.00000,0.00634,0.03673,0.00933,0.00000,0.00000,0.00000,0.00000,0.00000,0.00000,0.00000,0.00000,0.07160,0.02790,0.00000,0.00000,0.00000,0.03431,0.00000,0.00000,0.00000,0.00000,0.00000,0.00193,0.00000,0.01277,0.00295,0.00000,0.00444,0.00000,0.00339,0.01014
74.0,0.04416,0.00405,0.00000,0.01158,0.00000,0.00000,0.00000,0.00626,0.03729,0.00913,0.00000,0.00000,0.00000,0.00000,0.00000,0.00000,0.00000,0.00000,0.07071,0.02772,0.00000,0.00000,0.00000,0.03322,0.00000,0.00000,0.00000,0.00000,0.00000,0.00193,0.00000,0.01286,0.00300,0.00000,0.00474,0.00000,0.00336,0.01069
74.5,0.04604,0.00372,0.00000,0.01164,0.00000,0.00000,0.00000,0.00618,0.03786,0.00888,0.00000,0.00000,0.00000,0.00000,0.00000,0.00000,0.00000,0.00000,0.06977,0.02744,0.00000,0.00000,0.00000,0.03207,0.00000,0.00000,0.00000,0.00000,0.00000,0.00196,0.00000,0.01294,0.00304,0.00000,0.00508,0.00000,0.00331,0.01160
75.0,0.04779,0.00341,0.00000,0.01168,0.00000,0.00000,0.00000,0.00613,0.03848,0.00861,0.00000,0.00000,0.00000,0.00000,0.00000,0.00000,0.00000,0.00000,0.06892,0.02712,0.00000,0.00000,0.00000,0.03088,0.00000,0.00000,0.00000,0.00000,0.00000,0.00201,0.00000,0.01301,0.00307,0.00000,0.00548,0.00000,0.00323,0.01216
75.5,0.04941,0.00314,0.00000,0.01172,0.00000,0.00000,0.00000,0.00608,0.03914,0.00831,0.00000,0.00000,0.00000,0.00000,0.00000,0.00000,0.00000,0.00000,0.06817,0.02676,0.00000,0.00000,0.00000,0.02965,0.00000,0.00000,0.00000,0.00000,0.00000,0.00208,0.00000,0.01306,0.00308,0.00000,0.00595,0.00000,0.00313,0.01241
76.0,0.05089,0.00289,0.00000,0.01175,0.00000,0.00000,0.00000,0.00605,0.03982,0.00797,0.00000,0.00000,0.00000,0.00000,0.00000,0.00000,0.00000,0.00000,0.06750,0.02635,0.00000,0.00000,0.00000,0.02838,0.00000,0.00000,0.00000,0.00000,0.00000,0.00217,0.00000,0.01308,0.00308,0.00000,0.00648,0.00000,0.00300,0.01249
76.5,0.05222,0.00268,0.00000,0.01177,0.00000,0.00000,0.00000,0.00602,0.04051,0.00761,0.00000,0.00000,0.00000,0.00000,0.00000,0.00000,0.00000,0.00000,0.06691,0.02589,0.00000,0.00000,0.00000,0.02707,0.00000,0.00000,0.00000,0.00000,0.00000,0.00202,0.00000,0.01310,0.00305,0.00000,0.00709,0.00000,0.00286,0.01248
77.0,0.05342,0.00249,0.00000,0.01178,0.00000,0.00000,0.00000,0.00600,0.04119,0.00723,0.00000,0.00000,0.00000,0.00000,0.00000,0.00000,0.00000,0.00000,0.06639,0.02538,0.00000,0.00000,0.00000,0.02572,0.00000,0.00000,0.00000,0.00000,0.00000,0.00151,0.00000,0.01312,0.00299,0.00000,0.00780,0.00000,0.00272,0.01240
77.5,0.05445,0.00233,0.00000,0.01178,0.00000,0.00000,0.00000,0.00598,0.04186,0.00680,0.00000,0.00000,0.00000,0.00000,0.00000,0.00000,0.00000,0.00000,0.06588,0.02481,0.00000,0.00000,0.00000,0.02433,0.00000,0.00000,0.00000,0.00000,0.00000,0.00102,0.00000,0.01305,0.00288,0.00000,0.00856,0.00000,0.00255,0.01228
78.0,0.05532,0.00219,0.00000,0.01175,0.00000,0.00000,0.00000,0.00596,0.04249,0.00634,0.00000,0.00000,0.00000,0.00000,0.00000,0.00000,0.00000,0.00000,0.06538,0.02417,0.00000,0.00000,0.00000,0.02291,0.00000,0.00000,0.00000,0.00000,0.00000,0.00053,0.00000,0.01284,0.00272,0.00000,0.00934,0.00000,0.00238,0.01211
78.5,0.05602,0.00208,0.00000,0.01170,0.00000,0.00000,0.00000,0.00594,0.04308,0.00584,0.00000,0.00000,0.00000,0.00000,0.00000,0.00000,0.00000,0.00000,0.06486,0.02346,0.00000,0.00000,0.00000,0.02147,0.00000,0.00000,0.00000,0.00000,0.00000,0.00002,0.00000,0.01244,0.00254,0.00000,0.01014,0.00003,0.00218,0.01191
79.0,0.05646,0.00193,0.00048,0.01158,0.00000,0.00000,0.00000,0.00589,0.04354,0.00527,0.00000,0.00000,0.00000,0.00000,0.00000,0.00000,0.00000,0.00000,0.06404,0.02260,0.00000,0.00000,0.00000,0.02000,0.00000,0.00000,0.00000,0.00000,0.00000,0.00000,0.00000,0.01306,0.00176,0.00000,0.01208,0.00011,0.00214,0.01164
79.5,0.05670,0.00181,0.00137,0.01142,0.00000,0.00000,0.00000,0.00581,0.04395,0.00482,0.00000,0.00000,0.00000,0.00000,0.00000,0.00000,0.00000,0.00000,0.06298,0.02181,0.00000,0.00000,0.00000,0.01853,0.00000,0.00000,0.00000,0.00000,0.00000,0.00000,0.00000,0.01364,0.00050,0.00000,0.01456,0.00021,0.00214,0.01132
80.0,0.05674,0.00169,0.00187,0.01121,0.00000,0.00000,0.00000,0.00573,0.04425,0.00428,0.00000,0.00000,0.00000,0.00000,0.00000,0.00000,0.00000,0.00000,0.06181,0.02088,0.00000,0.00000,0.00000,0.01708,0.00000,0.00000,0.00000,0.00000,0.00000,0.00000,0.00000,0.01370,0.00000,0.00000,0.01749,0.00032,0.00197,0.01097
80.5,0.05668,0.00159,0.00230,0.01099,0.00000,0.00000,0.00000,0.00563,0.04452,0.00364,0.00000,0.00000,0.00000,0.00000,0.00000,0.00000,0.00000,0.00000,0.06065,0.01984,0.00009,0.00000,0.00000,0.01570,0.00000,0.00000,0.00000,0.00000,0.00000,0.00000,0.00000,0.01417,0.00000,0.00000,0.02045,0.00040,0.00192,0.01060
81.0,0.05677,0.00153,0.00271,0.01077,0.00000,0.00000,0.00000,0.00553,0.04497,0.00288,0.00000,0.00000,0.00000,0.00000,0.00000,0.00000,0.00000,0.00000,0.05948,0.01872,0.00028,0.00000,0.00000,0.01446,0.00000,0.00000,0.00000,0.00000,0.00000,0.00000,0.00000,0.01482,0.00000,0.00000,0.02340,0.00047,0.00194,0.01024
81.5,0.05666,0.00148,0.00307,0.01051,0.00000,0.00000,0.00000,0.00541,0.04530,0.00209,0.00000,0.00000,0.00000,0.00000,0.00000,0.00000,0.00000,0.00000,0.05817,0.01753,0.00046,0.00000,0.00000,0.01326,0.00000,0.00000,0.00000,0.00000,0.00000,0.00000,0.00000,0.01550,0.00000,0.00000,0.02631,0.00054,0.00196,0.00984
82.0,0.05638,0.00146,0.00331,0.01021,0.00000,0.00000,0.00000,0.00527,0.04555,0.00128,0.00000,0.00000,0.00000,0.00000,0.00000,0.00000,0.00000,0.00000,0.05672,0.01629,0.00063,0.00000,0.00000,0.01212,0.00000,0.00000,0.00000,0.00000,0.00000,0.00000,0.00000,0.01615,0.00000,0.00000,0.02912,0.00060,0.00200,0.00942
82.5,0.05603,0.00145,0.00354,0.00989,0.00000,0.00000,0.00000,0.00512,0.04581,0.00047,0.00000,0.00000,0.00000,0.00000,0.00000,0.00000,0.00000,0.00000,0.05516,0.01503,0.00083,0.00000,0.00000,0.01105,0.00000,0.00000,0.00000,0.00000,0.00000,0.00000,0.00000,0.01675,0.00000,0.00000,0.03180,0.00065,0.00203,0.00899
83.0,0.05569,0.00149,0.00410,0.00948,0.00000,0.00000,0.00000,0.00483,0.04578,0.00000,0.00000,0.00000,0.00000,0.00000,0.00000,0.00000,0.00000,0.00000,0.05322,0.01445,0.00123,0.00000,0.00000,0.01017,0.00000,0.00000,0.00000,0.00000,0.00000,0.00000,0.00000,0.01726,0.00000,0.00000,0.03430,0.00070,0.00205,0.00851
83.5,0.05507,0.00155,0.00408,0.00899,0.00000,0.00000,0.00000,0.00439,0.04509,0.00000,0.00000,0.00000,0.00000,0.00000,0.00000,0.00000,0.00000,0.00000,0.05109,0.01481,0.00167,0.00000,0.00000,0.00941,0.00000,0.00000,0.00000,0.00000,0.00000,0.00000,0.00000,0.01769,0.00000,0.00000,0.03657,0.00074,0.00206,0.00800
84.0,0.05418,0.00163,0.00376,0.00861,0.00000,0.00000,0.00000,0.00393,0.04419,0.00000,0.00000,0.00000,0.00000,0.00000,0.00000,0.00000,0.00000,0.00000,0.04894,0.01511,0.00200,0.00000,0.00000,0.00869,0.00000,0.00000,0.00000,0.00000,0.00000,0.00000,0.00000,0.01802,0.00000,0.00000,0.03859,0.00077,0.00207,0.00749
84.5,0.05306,0.00174,0.00375,0.00811,0.00000,0.00000,0.00000,0.00347,0.04312,0.00000,0.00000,0.00000,0.00000,0.00000,0.00000,0.00000,0.00000,0.00000,0.04672,0.01535,0.00227,0.00000,0.00000,0.00802,0.00000,0.00000,0.00000,0.00000,0.00000,0.00000,0.00000,0.01825,0.00000,0.00000,0.04031,0.00080,0.00206,0.00699
85.0,0.05171,0.00186,0.00372,0.00759,0.00000,0.00000,0.00000,0.00299,0.04185,0.00000,0.00000,0.00000,0.00000,0.00000,0.00000,0.00000,0.00000,0.00000,0.04443,0.01552,0.00247,0.00000,0.00000,0.00739,0.00000,0.00000,0.00000,0.00000,0.00000,0.00000,0.00000,0.01838,0.00000,0.00000,0.04172,0.00081,0.00204,0.00649
85.5,0.05048,0.00197,0.00506,0.00708,0.00000,0.00000,0.00000,0.00248,0.04063,0.00000,0.00000,0.00000,0.00000,0.00000,0.00000,0.00000,0.00000,0.00000,0.04208,0.01579,0.00274,0.00000,0.00000,0.00690,0.00000,0.00000,0.00000,0.00000,0.00000,0.00000,0.00000,0.01842,0.00000,0.00000,0.04279,0.00082,0.00201,0.00603
86.0,0.04919,0.00209,0.00512,0.00661,0.00000,0.00000,0.00000,0.00199,0.03936,0.00000,0.00000,0.00000,0.00000,0.00000,0.00000,0.00000,0.00000,0.00000,0.03994,0.01600,0.00291,0.00000,0.00000,0.00645,0.00000,0.00000,0.00000,0.00000,0.00000,0.00000,0.00000,0.01835,0.00000,0.00000,0.04350,0.00083,0.00197,0.00559
86.5,0.04788,0.00225,0.00372,0.00618,0.00000,0.00000,0.00000,0.00154,0.03808,0.00000,0.00000,0.00000,0.00000,0.00000,0.00000,0.00000,0.00000,0.00000,0.03808,0.01616,0.00297,0.00000,0.00000,0.00604,0.00000,0.00000,0.00000,0.00000,0.00000,0.00000,0.00000,0.01819,0.00000,0.00000,0.04385,0.00082,0.00192,0.00520
87.0,0.04647,0.00242,0.00358,0.00575,0.00000,0.00000,0.00000,0.00105,0.03668,0.00000,0.00000,0.00000,0.00000,0.00000,0.00000,0.00000,0.00000,0.00000,0.03604,0.01628,0.00306,0.00000,0.00000,0.00569,0.00000,0.00000,0.00000,0.00000,0.00000,0.00000,0.00000,0.01797,0.00000,0.00000,0.04392,0.00082,0.00186,0.00481
87.5,0.04502,0.00260,0.00345,0.00533,0.00000,0.00000,0.00000,0.00058,0.03523,0.00000,0.00000,0.00000,0.00000,0.00000,0.00000,0.00000,0.00000,0.00000,0.03404,0.01635,0.00312,0.00000,0.00000,0.00539,0.00000,0.00000,0.00000,0.00000,0.00000,0.00000,0.00000,0.01772,0.00000,0.00000,0.04386,0.00081,0.00183,0.00444
88.0,0.04357,0.00277,0.00334,0.00493,0.00000,0.00000,0.00000,0.00011,0.03376,0.00000,0.00000,0.00000,0.00000,0.00000,0.00000,0.00000,0.00000,0.00000,0.03209,0.01637,0.00317,0.00000,0.00000,0.00514,0.00000,0.00000,0.00000,0.00000,0.00000,0.00000,0.00000,0.01740,0.00000,0.00000,0.04346,0.00079,0.00178,0.00409
88.5,0.04215,0.00295,0.00318,0.00456,0.00000,0.00000,0.00000,0.00000,0.03227,0.00000,0.00000,0.00000,0.00000,0.00000,0.00000,0.00000,0.00000,0.00000,0.03016,0.01641,0.00322,0.00000,0.00000,0.00495,0.00000,0.00000,0.00000,0.00000,0.00000,0.00000,0.00000,0.01701,0.00000,0.00000,0.04274,0.00077,0.00172,0.00376
89.0,0.04080,0.00313,0.00298,0.00421,0.00000,0.00000,0.00000,0.00000,0.03079,0.00000,0.00000,0.00000,0.00000,0.00000,0.00000,0.00000,0.00000,0.00000,0.02833,0.01644,0.00327,0.00000,0.00000,0.00482,0.00000,0.00000,0.00000,0.00000,0.00000,0.00000,0.00000,0.01657,0.00000,0.00000,0.04172,0.00074,0.00165,0.00346
89.5,0.03954,0.00330,0.00286,0.00389,0.00000,0.00000,0.00000,0.00000,0.02935,0.00000,0.00000,0.00000,0.00000,0.00000,0.00000,0.00000,0.00000,0.00000,0.02663,0.01645,0.00329,0.00000,0.00000,0.00474,0.00000,0.00000,0.00000,0.00000,0.00000,0.00000,0.00000,0.01611,0.00000,0.00000,0.04052,0.00072,0.00158,0.00319
90.0,0.03838,0.00346,0.00277,0.00361,0.00000,0.00000,0.00000,0.00000,0.02798,0.00000,0.00000,0.00000,0.00000,0.00000,0.00000,0.00000,0.00000,0.00000,0.02506,0.01647,0.00331,0.00000,0.00000,0.00470,0.00000,0.00000,0.00000,0.00000,0.00000,0.00000,0.00000,0.01564,0.00000,0.00000,0.03919,0.00069,0.00151,0.00295
90.5,0.03741,0.00357,0.00265,0.00335,0.00000,0.00000,0.00000,0.00000,0.02671,0.00000,0.00000,0.00000,0.00000,0.00000,0.00000,0.00000,0.00000,0.00000,0.02363,0.01653,0.00334,0.00000,0.00000,0.00473,0.00000,0.00000,0.00000,0.00000,0.00000,0.00000,0.00000,0.01515,0.00000,0.00000,0.03768,0.00066,0.00143,0.00273
91.0,0.03657,0.00342,0.00257,0.00311,0.00000,0.00000,0.00000,0.00000,0.02551,0.00000,0.00000,0.00000,0.00000,0.00000,0.00000,0.00000,0.00000,0.00000,0.02238,0.01660,0.00335,0.00000,0.00000,0.00481,0.00000,0.00000,0.00000,0.00000,0.00000,0.00000,0.00000,0.01463,0.00000,0.00000,0.03601,0.00062,0.00135,0.00254
91.5,0.03602,0.00317,0.00251,0.00290,0.00000,0.00000,0.00000,0.00000,0.02446,0.00000,0.00000,0.00000,0.00000,0.00000,0.00000,0.00000,0.00000,0.00000,0.02133,0.01681,0.00338,0.00000,0.00000,0.00498,0.00000,0.00000,0.00000,0.00000,0.00000,0.00000,0.00000,0.01409,0.00000,0.00000,0.03420,0.00059,0.00128,0.00237
92.0,0.03563,0.00290,0.00248,0.00271,0.00000,0.00000,0.00000,0.00000,0.02349,0.00000,0.00000,0.00000,0.00000,0.00000,0.00000,0.00000,0.00000,0.00000,0.02048,0.01704,0.00339,0.00000,0.00000,0.00519,0.00000,0.00000,0.00000,0.00000,0.00000,0.00000,0.00000,0.01356,0.00000,0.00000,0.03210,0.00055,0.00120,0.00223
92.5,0.03536,0.00263,0.00250,0.00256,0.00000,0.00000,0.00000,0.00000,0.02260,0.00000,0.00000,0.00000,0.00000,0.00000,0.00000,0.00000,0.00000,0.00000,0.01984,0.01730,0.00338,0.00000,0.00000,0.00544,0.00000,0.00000,0.00000,0.00000,0.00000,0.00000,0.00000,0.01304,0.00000,0.00000,0.02999,0.00051,0.00113,0.00211
93.0,0.03523,0.00234,0.00254,0.00243,0.00000,0.00000,0.00000,0.00000,0.02179,0.00000,0.00000,0.00000,0.00000,0.00000,0.00000,0.00000,0.00000,0.00000,0.01942,0.01759,0.00334,0.00000,0.00000,0.00573,0.00000,0.00000,0.00000,0.00000,0.00000,0.00000,0.00000,0.01253,0.00000,0.00000,0.02795,0.00047,0.00106,0.00201
93.5,0.03525,0.00204,0.00263,0.00232,0.00000,0.00000,0.00000,0.00000,0.02105,0.00000,0.00000,0.00000,0.00000,0.00000,0.00000,0.00000,0.00000,0.00000,0.01923,0.01791,0.00328,0.00000,0.00000,0.00605,0.00000,0.00000,0.00000,0.00000,0.00000,0.00000,0.00000,0.01204,0.00000,0.00000,0.02599,0.00044,0.00100,0.00192
94.0,0.03539,0.00173,0.00275,0.00224,0.00000,0.00000,0.00000,0.00000,0.02038,0.00000,0.00000,0.00000,0.00000,0.00000,0.00000,0.00000,0.00000,0.00000,0.01926,0.01827,0.00319,0.00000,0.00000,0.00642,0.00000,0.00000,0.00000,0.00000,0.00000,0.00000,0.00000,0.01157,0.00000,0.00000,0.02411,0.00040,0.00095,0.00186
94.5,0.03565,0.00141,0.00292,0.00217,0.00000,0.00000,0.00000,0.00000,0.01978,0.00000,0.00000,0.00000,0.00000,0.00000,0.00000,0.00000,0.00000,0.00000,0.01951,0.01867,0.00306,0.00000,0.00000,0.00683,0.00000,0.00000,0.00000,0.00000,0.00000,0.00000,0.00000,0.01114,0.00000,0.00000,0.02234,0.00037,0.00092,0.00180
95.0,0.03606,0.00108,0.00313,0.00212,0.00000,0.00000,0.00000,0.00000,0.01925,0.00000,0.00000,0.00000,0.00000,0.00000,0.00000,0.00000,0.00000,0.00000,0.01998,0.01911,0.00290,0.00000,0.00000,0.00729,0.00000,0.00000,0.00000,0.00000,0.00000,0.00000,0.00000,0.01074,0.00000,0.00000,0.02069,0.00034,0.00091,0.00177
95.5,0.03620,0.00073,0.00337,0.00203,0.00000,0.00000,0.00000,0.00000,0.01840,0.00000,0.00000,0.00000,0.00000,0.00000,0.00000,0.00000,0.00000,0.00000,0.02040,0.01950,0.00277,0.00000,0.00001,0.00766,0.00000,0.00000,0.00000,0.00000,0.00000,0.00000,0.00000,0.01039,0.00000,0.00000,0.01917,0.00031,0.00091,0.00169
96.0,0.03656,0.00037,0.00353,0.00197,0.00000,0.00000,0.00000,0.00000,0.01780,0.00000,0.00000,0.00000,0.00000,0.00000,0.00000,0.00000,0.00000,0.00000,0.02114,0.01985,0.00264,0.00000,0.00001,0.00809,0.00000,0.00000,0.00000,0.00000,0.00000,0.00000,0.00000,0.01006,0.00000,0.00000,0.01778,0.00029,0.00094,0.00165
96.5,0.03707,0.00000,0.00367,0.00193,0.00000,0.00000,0.00000,0.00000,0.01738,0.00000,0.00000,0.00000,0.00000,0.00000,0.00000,0.00000,0.00000,0.00000,0.02217,0.02022,0.00250,0.00000,0.00000,0.00858,0.00000,0.00000,0.00000,0.00000,0.00000,0.00000,0.00000,0.00972,0.00000,0.00000,0.01653,0.00026,0.00098,0.00162
97.0,0.03725,0.00000,0.00386,0.00112,0.00000,0.00000,0.00000,0.00000,0.01714,0.00000,0.00000,0.00000,0.00000,0.00000,0.00000,0.00000,0.00000,0.00000,0.02382,0.02022,0.00225,0.00000,0.00000,0.01109,0.00000,0.00000,0.00000,0.00000,0.00000,0.00000,0.00000,0.00944,0.00000,0.00000,0.01541,0.00024,0.00104,0.00128
97.5,0.03749,0.00000,0.00407,0.00049,0.00000,0.00000,0.00000,0.00000,0.01698,0.00000,0.00000,0.00000,0.00000,0.00000,0.00000,0.00000,0.00000,0.00000,0.02564,0.02025,0.00201,0.00000,0.00000,0.01346,0.00000,0.00000,0.00000,0.00000,0.00000,0.00000,0.00000,0.00923,0.00000,0.00000,0.01441,0.00022,0.00113,0.00101
98.0,0.03779,0.00000,0.00427,0.00003,0.00000,0.00000,0.00000,0.00000,0.01689,0.00000,0.00000,0.00000,0.00000,0.00000,0.00000,0.00000,0.00000,0.00000,0.02760,0.02032,0.00177,0.00000,0.00000,0.01563,0.00000,0.00000,0.00000,0.00000,0.00000,0.00000,0.00000,0.00909,0.00000,0.00000,0.01353,0.00020,0.00124,0.00081
98.5,0.03809,0.00000,0.00448,0.00000,0.00000,0.00000,0.00000,0.00000,0.01683,0.00000,0.00000,0.00000,0.00000,0.00000,0.00000,0.00000,0.00000,0.00000,0.02967,0.02039,0.00155,0.00000,0.00000,0.01766,0.00000,0.00000,0.00000,0.00000,0.00000,0.00000,0.00000,0.00902,0.00000,0.00000,0.01276,0.00018,0.00137,0.00066
99.0,0.03842,0.00000,0.00468,0.00000,0.00000,0.00000,0.00000,0.00000,0.01681,0.00000,0.00000,0.00000,0.00000,0.00000,0.00000,0.00000,0.00000,0.00000,0.03181,0.02048,0.00133,0.00000,0.00000,0.01909,0.00000,0.00000,0.00000,0.00000,0.00000,0.00000,0.00000,0.00902,0.00000,0.00000,0.01207,0.00016,0.00152,0.00063
99.5,0.03877,0.00000,0.00487,0.00000,0.00000,0.00000,0.00000,0.00000,0.01680,0.00000,0.00000,0.00000,0.00000,0.00000,0.00000,0.00000,0.00000,0.00000,0.03398,0.02060,0.00114,0.00000,0.00000,0.02030,0.00000,0.00000,0.00000,0.00000,0.00000,0.00000,0.00000,0.00912,0.00000,0.00000,0.01148,0.00013,0.00170,0.00062
100.0,0.03997,0.00000,0.00540,0.00000,0.00000,0.00000,0.00000,0.00000,0.01877,0.00000,0.00000,0.00000,0.00000,0.00000,0.00000,0.00000,0.00000,0.00000,0.03831,0.02191,0.00092,0.00000,0.00000,0.02320,0.00000,0.00000,0.00000,0.00000,0.00000,0.00000,0.00000,0.00966,0.00000,0.00000,0.01059,0.00008,0.00199,0.00052